solid ASCII
  facet normal -9.995524e-01 2.991547e-02 0.000000e+00
    outer loop
      vertex   -1.996420e+01 1.196083e+00 6.000000e-01
      vertex   -1.996420e+01 1.196083e+00 0.000000e+00
      vertex   -2.000000e+01 -2.449294e-15 6.000000e-01
    endloop
  endfacet
  facet normal -9.995524e-01 2.991547e-02 0.000000e+00
    outer loop
      vertex   -2.000000e+01 -2.449294e-15 6.000000e-01
      vertex   -1.996420e+01 1.196083e+00 0.000000e+00
      vertex   -2.000000e+01 -2.449294e-15 0.000000e+00
    endloop
  endfacet
  facet normal -9.995524e-01 -2.991547e-02 -0.000000e+00
    outer loop
      vertex   -2.000000e+01 -2.449294e-15 6.000000e-01
      vertex   -2.000000e+01 -2.449294e-15 0.000000e+00
      vertex   -1.996420e+01 -1.196083e+00 6.000000e-01
    endloop
  endfacet
  facet normal -9.995524e-01 -2.991547e-02 -0.000000e+00
    outer loop
      vertex   -1.996420e+01 -1.196083e+00 6.000000e-01
      vertex   -2.000000e+01 -2.449294e-15 0.000000e+00
      vertex   -1.996420e+01 -1.196083e+00 0.000000e+00
    endloop
  endfacet
  facet normal -9.959743e-01 -8.963931e-02 -0.000000e+00
    outer loop
      vertex   -1.996420e+01 -1.196083e+00 6.000000e-01
      vertex   -1.996420e+01 -1.196083e+00 0.000000e+00
      vertex   -1.985694e+01 -2.387884e+00 6.000000e-01
    endloop
  endfacet
  facet normal -9.959743e-01 -8.963931e-02 -0.000000e+00
    outer loop
      vertex   -1.985694e+01 -2.387884e+00 6.000000e-01
      vertex   -1.996420e+01 -1.196083e+00 0.000000e+00
      vertex   -1.985694e+01 -2.387884e+00 0.000000e+00
    endloop
  endfacet
  facet normal -9.888308e-01 -1.490423e-01 -0.000000e+00
    outer loop
      vertex   -1.985694e+01 -2.387884e+00 6.000000e-01
      vertex   -1.985694e+01 -2.387884e+00 0.000000e+00
      vertex   -1.967859e+01 -3.571138e+00 6.000000e-01
    endloop
  endfacet
  facet normal -9.888308e-01 -1.490423e-01 -0.000000e+00
    outer loop
      vertex   -1.967859e+01 -3.571138e+00 6.000000e-01
      vertex   -1.985694e+01 -2.387884e+00 0.000000e+00
      vertex   -1.967859e+01 -3.571138e+00 0.000000e+00
    endloop
  endfacet
  facet normal -9.781476e-01 -2.079117e-01 -0.000000e+00
    outer loop
      vertex   -1.967859e+01 -3.571138e+00 6.000000e-01
      vertex   -1.967859e+01 -3.571138e+00 0.000000e+00
      vertex   -1.942980e+01 -4.741608e+00 6.000000e-01
    endloop
  endfacet
  facet normal -9.781476e-01 -2.079117e-01 -0.000000e+00
    outer loop
      vertex   -1.942980e+01 -4.741608e+00 6.000000e-01
      vertex   -1.967859e+01 -3.571138e+00 0.000000e+00
      vertex   -1.942980e+01 -4.741608e+00 0.000000e+00
    endloop
  endfacet
  facet normal -9.639629e-01 -2.660368e-01 -0.000000e+00
    outer loop
      vertex   -1.942980e+01 -4.741608e+00 6.000000e-01
      vertex   -1.942980e+01 -4.741608e+00 0.000000e+00
      vertex   -1.911146e+01 -5.895103e+00 6.000000e-01
    endloop
  endfacet
  facet normal -9.639629e-01 -2.660368e-01 -0.000000e+00
    outer loop
      vertex   -1.911146e+01 -5.895103e+00 6.000000e-01
      vertex   -1.942980e+01 -4.741608e+00 0.000000e+00
      vertex   -1.911146e+01 -5.895103e+00 0.000000e+00
    endloop
  endfacet
  facet normal -9.463274e-01 -3.232097e-01 -0.000000e+00
    outer loop
      vertex   -1.911146e+01 -5.895103e+00 6.000000e-01
      vertex   -1.911146e+01 -5.895103e+00 0.000000e+00
      vertex   -1.872470e+01 -7.027496e+00 6.000000e-01
    endloop
  endfacet
  facet normal -9.463274e-01 -3.232097e-01 -0.000000e+00
    outer loop
      vertex   -1.872470e+01 -7.027496e+00 6.000000e-01
      vertex   -1.911146e+01 -5.895103e+00 0.000000e+00
      vertex   -1.872470e+01 -7.027496e+00 0.000000e+00
    endloop
  endfacet
  facet normal -9.253043e-01 -3.792255e-01 -0.000000e+00
    outer loop
      vertex   -1.872470e+01 -7.027496e+00 6.000000e-01
      vertex   -1.872470e+01 -7.027496e+00 0.000000e+00
      vertex   -1.827091e+01 -8.134733e+00 6.000000e-01
    endloop
  endfacet
  facet normal -9.253043e-01 -3.792255e-01 -0.000000e+00
    outer loop
      vertex   -1.827091e+01 -8.134733e+00 6.000000e-01
      vertex   -1.872470e+01 -7.027496e+00 0.000000e+00
      vertex   -1.827091e+01 -8.134733e+00 0.000000e+00
    endloop
  endfacet
  facet normal -9.009689e-01 -4.338837e-01 -0.000000e+00
    outer loop
      vertex   -1.827091e+01 -8.134733e+00 6.000000e-01
      vertex   -1.827091e+01 -8.134733e+00 0.000000e+00
      vertex   -1.775172e+01 -9.212849e+00 6.000000e-01
    endloop
  endfacet
  facet normal -9.009689e-01 -4.338837e-01 -0.000000e+00
    outer loop
      vertex   -1.775172e+01 -9.212849e+00 6.000000e-01
      vertex   -1.827091e+01 -8.134733e+00 0.000000e+00
      vertex   -1.775172e+01 -9.212849e+00 0.000000e+00
    endloop
  endfacet
  facet normal -8.734082e-01 -4.869888e-01 -0.000000e+00
    outer loop
      vertex   -1.775172e+01 -9.212849e+00 6.000000e-01
      vertex   -1.775172e+01 -9.212849e+00 0.000000e+00
      vertex   -1.716898e+01 -1.025799e+01 6.000000e-01
    endloop
  endfacet
  facet normal -8.734082e-01 -4.869888e-01 -0.000000e+00
    outer loop
      vertex   -1.716898e+01 -1.025799e+01 6.000000e-01
      vertex   -1.775172e+01 -9.212849e+00 0.000000e+00
      vertex   -1.716898e+01 -1.025799e+01 0.000000e+00
    endloop
  endfacet
  facet normal -8.427210e-01 -5.383506e-01 -0.000000e+00
    outer loop
      vertex   -1.716898e+01 -1.025799e+01 6.000000e-01
      vertex   -1.716898e+01 -1.025799e+01 0.000000e+00
      vertex   -1.652478e+01 -1.126640e+01 6.000000e-01
    endloop
  endfacet
  facet normal -8.427210e-01 -5.383506e-01 -0.000000e+00
    outer loop
      vertex   -1.652478e+01 -1.126640e+01 6.000000e-01
      vertex   -1.716898e+01 -1.025799e+01 0.000000e+00
      vertex   -1.652478e+01 -1.126640e+01 0.000000e+00
    endloop
  endfacet
  facet normal -8.090170e-01 -5.877853e-01 -0.000000e+00
    outer loop
      vertex   -1.652478e+01 -1.126640e+01 6.000000e-01
      vertex   -1.652478e+01 -1.126640e+01 0.000000e+00
      vertex   -1.582142e+01 -1.223449e+01 6.000000e-01
    endloop
  endfacet
  facet normal -8.090170e-01 -5.877853e-01 -0.000000e+00
    outer loop
      vertex   -1.582142e+01 -1.223449e+01 6.000000e-01
      vertex   -1.652478e+01 -1.126640e+01 0.000000e+00
      vertex   -1.582142e+01 -1.223449e+01 0.000000e+00
    endloop
  endfacet
  facet normal -7.724170e-01 -6.351158e-01 -0.000000e+00
    outer loop
      vertex   -1.582142e+01 -1.223449e+01 6.000000e-01
      vertex   -1.582142e+01 -1.223449e+01 0.000000e+00
      vertex   -1.506143e+01 -1.315877e+01 6.000000e-01
    endloop
  endfacet
  facet normal -7.724170e-01 -6.351158e-01 -0.000000e+00
    outer loop
      vertex   -1.506143e+01 -1.315877e+01 6.000000e-01
      vertex   -1.582142e+01 -1.223449e+01 0.000000e+00
      vertex   -1.506143e+01 -1.315877e+01 0.000000e+00
    endloop
  endfacet
  facet normal -7.330519e-01 -6.801727e-01 -0.000000e+00
    outer loop
      vertex   -1.506143e+01 -1.315877e+01 6.000000e-01
      vertex   -1.506143e+01 -1.315877e+01 0.000000e+00
      vertex   -1.424752e+01 -1.403596e+01 6.000000e-01
    endloop
  endfacet
  facet normal -7.330519e-01 -6.801727e-01 -0.000000e+00
    outer loop
      vertex   -1.424752e+01 -1.403596e+01 6.000000e-01
      vertex   -1.506143e+01 -1.315877e+01 0.000000e+00
      vertex   -1.424752e+01 -1.403596e+01 0.000000e+00
    endloop
  endfacet
  facet normal -6.910626e-01 -7.227949e-01 -0.000000e+00
    outer loop
      vertex   -1.424752e+01 -1.403596e+01 6.000000e-01
      vertex   -1.424752e+01 -1.403596e+01 0.000000e+00
      vertex   -1.338261e+01 -1.486290e+01 6.000000e-01
    endloop
  endfacet
  facet normal -6.910626e-01 -7.227949e-01 -0.000000e+00
    outer loop
      vertex   -1.338261e+01 -1.486290e+01 6.000000e-01
      vertex   -1.424752e+01 -1.403596e+01 0.000000e+00
      vertex   -1.338261e+01 -1.486290e+01 0.000000e+00
    endloop
  endfacet
  facet normal -6.465996e-01 -7.628296e-01 -0.000000e+00
    outer loop
      vertex   -1.338261e+01 -1.486290e+01 6.000000e-01
      vertex   -1.338261e+01 -1.486290e+01 0.000000e+00
      vertex   -1.246980e+01 -1.563663e+01 6.000000e-01
    endloop
  endfacet
  facet normal -6.465996e-01 -7.628296e-01 -0.000000e+00
    outer loop
      vertex   -1.246980e+01 -1.563663e+01 6.000000e-01
      vertex   -1.338261e+01 -1.486290e+01 0.000000e+00
      vertex   -1.246980e+01 -1.563663e+01 0.000000e+00
    endloop
  endfacet
  facet normal -5.998219e-01 -8.001335e-01 -0.000000e+00
    outer loop
      vertex   -1.246980e+01 -1.563663e+01 6.000000e-01
      vertex   -1.246980e+01 -1.563663e+01 0.000000e+00
      vertex   -1.151234e+01 -1.635439e+01 6.000000e-01
    endloop
  endfacet
  facet normal -5.998219e-01 -8.001335e-01 -0.000000e+00
    outer loop
      vertex   -1.151234e+01 -1.635439e+01 6.000000e-01
      vertex   -1.246980e+01 -1.563663e+01 0.000000e+00
      vertex   -1.151234e+01 -1.635439e+01 0.000000e+00
    endloop
  endfacet
  facet normal -5.508970e-01 -8.345733e-01 -0.000000e+00
    outer loop
      vertex   -1.151234e+01 -1.635439e+01 6.000000e-01
      vertex   -1.151234e+01 -1.635439e+01 0.000000e+00
      vertex   -1.051368e+01 -1.701360e+01 6.000000e-01
    endloop
  endfacet
  facet normal -5.508970e-01 -8.345733e-01 -0.000000e+00
    outer loop
      vertex   -1.051368e+01 -1.701360e+01 6.000000e-01
      vertex   -1.151234e+01 -1.635439e+01 0.000000e+00
      vertex   -1.051368e+01 -1.701360e+01 0.000000e+00
    endloop
  endfacet
  facet normal -5.000000e-01 -8.660254e-01 -0.000000e+00
    outer loop
      vertex   -1.051368e+01 -1.701360e+01 6.000000e-01
      vertex   -1.051368e+01 -1.701360e+01 0.000000e+00
      vertex   -9.477373e+00 -1.761191e+01 6.000000e-01
    endloop
  endfacet
  facet normal -5.000000e-01 -8.660254e-01 -0.000000e+00
    outer loop
      vertex   -9.477373e+00 -1.761191e+01 6.000000e-01
      vertex   -1.051368e+01 -1.701360e+01 0.000000e+00
      vertex   -9.477373e+00 -1.761191e+01 0.000000e+00
    endloop
  endfacet
  facet normal -4.473131e-01 -8.943774e-01 -0.000000e+00
    outer loop
      vertex   -9.477373e+00 -1.761191e+01 6.000000e-01
      vertex   -9.477373e+00 -1.761191e+01 0.000000e+00
      vertex   -8.407145e+00 -1.814717e+01 6.000000e-01
    endloop
  endfacet
  facet normal -4.473131e-01 -8.943774e-01 -0.000000e+00
    outer loop
      vertex   -8.407145e+00 -1.814717e+01 6.000000e-01
      vertex   -9.477373e+00 -1.761191e+01 0.000000e+00
      vertex   -8.407145e+00 -1.814717e+01 0.000000e+00
    endloop
  endfacet
  facet normal -3.930250e-01 -9.195278e-01 -0.000000e+00
    outer loop
      vertex   -8.407145e+00 -1.814717e+01 6.000000e-01
      vertex   -8.407145e+00 -1.814717e+01 0.000000e+00
      vertex   -7.306820e+00 -1.861747e+01 6.000000e-01
    endloop
  endfacet
  facet normal -3.930250e-01 -9.195278e-01 -0.000000e+00
    outer loop
      vertex   -7.306820e+00 -1.861747e+01 6.000000e-01
      vertex   -8.407145e+00 -1.814717e+01 0.000000e+00
      vertex   -7.306820e+00 -1.861747e+01 0.000000e+00
    endloop
  endfacet
  facet normal -3.373300e-01 -9.413865e-01 -0.000000e+00
    outer loop
      vertex   -7.306820e+00 -1.861747e+01 6.000000e-01
      vertex   -7.306820e+00 -1.861747e+01 0.000000e+00
      vertex   -6.180340e+00 -1.902113e+01 6.000000e-01
    endloop
  endfacet
  facet normal -3.373300e-01 -9.413865e-01 -0.000000e+00
    outer loop
      vertex   -6.180340e+00 -1.902113e+01 6.000000e-01
      vertex   -7.306820e+00 -1.861747e+01 0.000000e+00
      vertex   -6.180340e+00 -1.902113e+01 0.000000e+00
    endloop
  endfacet
  facet normal -2.804274e-01 -9.598752e-01 -0.000000e+00
    outer loop
      vertex   -6.180340e+00 -1.902113e+01 6.000000e-01
      vertex   -6.180340e+00 -1.902113e+01 0.000000e+00
      vertex   -5.031735e+00 -1.935669e+01 6.000000e-01
    endloop
  endfacet
  facet normal -2.804274e-01 -9.598752e-01 -0.000000e+00
    outer loop
      vertex   -5.031735e+00 -1.935669e+01 6.000000e-01
      vertex   -6.180340e+00 -1.902113e+01 0.000000e+00
      vertex   -5.031735e+00 -1.935669e+01 0.000000e+00
    endloop
  endfacet
  facet normal -2.225209e-01 -9.749279e-01 -0.000000e+00
    outer loop
      vertex   -5.031735e+00 -1.935669e+01 6.000000e-01
      vertex   -5.031735e+00 -1.935669e+01 0.000000e+00
      vertex   -3.865118e+00 -1.962297e+01 6.000000e-01
    endloop
  endfacet
  facet normal -2.225209e-01 -9.749279e-01 -0.000000e+00
    outer loop
      vertex   -3.865118e+00 -1.962297e+01 6.000000e-01
      vertex   -5.031735e+00 -1.935669e+01 0.000000e+00
      vertex   -3.865118e+00 -1.962297e+01 0.000000e+00
    endloop
  endfacet
  facet normal -1.638179e-01 -9.864906e-01 -0.000000e+00
    outer loop
      vertex   -3.865118e+00 -1.962297e+01 6.000000e-01
      vertex   -3.865118e+00 -1.962297e+01 0.000000e+00
      vertex   -2.684665e+00 -1.981900e+01 6.000000e-01
    endloop
  endfacet
  facet normal -1.638179e-01 -9.864906e-01 -0.000000e+00
    outer loop
      vertex   -2.684665e+00 -1.981900e+01 6.000000e-01
      vertex   -3.865118e+00 -1.962297e+01 0.000000e+00
      vertex   -2.684665e+00 -1.981900e+01 0.000000e+00
    endloop
  endfacet
  facet normal -1.045285e-01 -9.945219e-01 -0.000000e+00
    outer loop
      vertex   -2.684665e+00 -1.981900e+01 6.000000e-01
      vertex   -2.684665e+00 -1.981900e+01 0.000000e+00
      vertex   -1.494602e+00 -1.994408e+01 6.000000e-01
    endloop
  endfacet
  facet normal -1.045285e-01 -9.945219e-01 -0.000000e+00
    outer loop
      vertex   -1.494602e+00 -1.994408e+01 6.000000e-01
      vertex   -2.684665e+00 -1.981900e+01 0.000000e+00
      vertex   -1.494602e+00 -1.994408e+01 0.000000e+00
    endloop
  endfacet
  facet normal -4.486483e-02 -9.989931e-01 -0.000000e+00
    outer loop
      vertex   -1.494602e+00 -1.994408e+01 6.000000e-01
      vertex   -1.494602e+00 -1.994408e+01 0.000000e+00
      vertex   -2.991881e-01 -1.999776e+01 6.000000e-01
    endloop
  endfacet
  facet normal -4.486483e-02 -9.989931e-01 -0.000000e+00
    outer loop
      vertex   -2.991881e-01 -1.999776e+01 6.000000e-01
      vertex   -1.494602e+00 -1.994408e+01 0.000000e+00
      vertex   -2.991881e-01 -1.999776e+01 0.000000e+00
    endloop
  endfacet
  facet normal 1.495941e-02 -9.998881e-01 0.000000e+00
    outer loop
      vertex   -2.991881e-01 -1.999776e+01 6.000000e-01
      vertex   -2.991881e-01 -1.999776e+01 0.000000e+00
      vertex   8.972966e-01 -1.997986e+01 6.000000e-01
    endloop
  endfacet
  facet normal 1.495941e-02 -9.998881e-01 0.000000e+00
    outer loop
      vertex   8.972966e-01 -1.997986e+01 6.000000e-01
      vertex   -2.991881e-01 -1.999776e+01 0.000000e+00
      vertex   8.972966e-01 -1.997986e+01 0.000000e+00
    endloop
  endfacet
  facet normal 7.473009e-02 -9.972038e-01 0.000000e+00
    outer loop
      vertex   8.972966e-01 -1.997986e+01 6.000000e-01
      vertex   8.972966e-01 -1.997986e+01 0.000000e+00
      vertex   2.090569e+00 -1.989044e+01 6.000000e-01
    endloop
  endfacet
  facet normal 7.473009e-02 -9.972038e-01 0.000000e+00
    outer loop
      vertex   2.090569e+00 -1.989044e+01 6.000000e-01
      vertex   8.972966e-01 -1.997986e+01 0.000000e+00
      vertex   2.090569e+00 -1.989044e+01 0.000000e+00
    endloop
  endfacet
  facet normal 1.342333e-01 -9.909498e-01 0.000000e+00
    outer loop
      vertex   2.090569e+00 -1.989044e+01 6.000000e-01
      vertex   2.090569e+00 -1.989044e+01 0.000000e+00
      vertex   3.276358e+00 -1.972981e+01 6.000000e-01
    endloop
  endfacet
  facet normal 1.342333e-01 -9.909498e-01 0.000000e+00
    outer loop
      vertex   3.276358e+00 -1.972981e+01 6.000000e-01
      vertex   2.090569e+00 -1.989044e+01 0.000000e+00
      vertex   3.276358e+00 -1.972981e+01 0.000000e+00
    endloop
  endfacet
  facet normal 1.932559e-01 -9.811484e-01 0.000000e+00
    outer loop
      vertex   3.276358e+00 -1.972981e+01 6.000000e-01
      vertex   3.276358e+00 -1.972981e+01 0.000000e+00
      vertex   4.450419e+00 -1.949856e+01 6.000000e-01
    endloop
  endfacet
  facet normal 1.932559e-01 -9.811484e-01 0.000000e+00
    outer loop
      vertex   4.450419e+00 -1.949856e+01 6.000000e-01
      vertex   3.276358e+00 -1.972981e+01 0.000000e+00
      vertex   4.450419e+00 -1.949856e+01 0.000000e+00
    endloop
  endfacet
  facet normal 2.515868e-01 -9.678347e-01 0.000000e+00
    outer loop
      vertex   4.450419e+00 -1.949856e+01 6.000000e-01
      vertex   4.450419e+00 -1.949856e+01 0.000000e+00
      vertex   5.608548e+00 -1.919750e+01 6.000000e-01
    endloop
  endfacet
  facet normal 2.515868e-01 -9.678347e-01 0.000000e+00
    outer loop
      vertex   5.608548e+00 -1.919750e+01 6.000000e-01
      vertex   4.450419e+00 -1.949856e+01 0.000000e+00
      vertex   5.608548e+00 -1.919750e+01 0.000000e+00
    endloop
  endfacet
  facet normal 3.090170e-01 -9.510565e-01 0.000000e+00
    outer loop
      vertex   5.608548e+00 -1.919750e+01 6.000000e-01
      vertex   5.608548e+00 -1.919750e+01 0.000000e+00
      vertex   6.746600e+00 -1.882773e+01 6.000000e-01
    endloop
  endfacet
  facet normal 3.090170e-01 -9.510565e-01 0.000000e+00
    outer loop
      vertex   6.746600e+00 -1.882773e+01 6.000000e-01
      vertex   5.608548e+00 -1.919750e+01 0.000000e+00
      vertex   6.746600e+00 -1.882773e+01 0.000000e+00
    endloop
  endfacet
  facet normal 3.653410e-01 -9.308737e-01 0.000000e+00
    outer loop
      vertex   6.746600e+00 -1.882773e+01 6.000000e-01
      vertex   6.746600e+00 -1.882773e+01 0.000000e+00
      vertex   7.860501e+00 -1.839056e+01 6.000000e-01
    endloop
  endfacet
  facet normal 3.653410e-01 -9.308737e-01 0.000000e+00
    outer loop
      vertex   7.860501e+00 -1.839056e+01 6.000000e-01
      vertex   6.746600e+00 -1.882773e+01 0.000000e+00
      vertex   7.860501e+00 -1.839056e+01 0.000000e+00
    endloop
  endfacet
  facet normal 4.203572e-01 -9.073587e-01 0.000000e+00
    outer loop
      vertex   7.860501e+00 -1.839056e+01 6.000000e-01
      vertex   7.860501e+00 -1.839056e+01 0.000000e+00
      vertex   8.946263e+00 -1.788755e+01 6.000000e-01
    endloop
  endfacet
  facet normal 4.203572e-01 -9.073587e-01 0.000000e+00
    outer loop
      vertex   8.946263e+00 -1.788755e+01 6.000000e-01
      vertex   7.860501e+00 -1.839056e+01 0.000000e+00
      vertex   8.946263e+00 -1.788755e+01 0.000000e+00
    endloop
  endfacet
  facet normal 4.738687e-01 -8.805955e-01 0.000000e+00
    outer loop
      vertex   8.946263e+00 -1.788755e+01 6.000000e-01
      vertex   8.946263e+00 -1.788755e+01 0.000000e+00
      vertex   1.000000e+01 -1.732051e+01 6.000000e-01
    endloop
  endfacet
  facet normal 4.738687e-01 -8.805955e-01 0.000000e+00
    outer loop
      vertex   1.000000e+01 -1.732051e+01 6.000000e-01
      vertex   8.946263e+00 -1.788755e+01 0.000000e+00
      vertex   1.000000e+01 -1.732051e+01 0.000000e+00
    endloop
  endfacet
  facet normal 5.256838e-01 -8.506801e-01 0.000000e+00
    outer loop
      vertex   1.000000e+01 -1.732051e+01 6.000000e-01
      vertex   1.000000e+01 -1.732051e+01 0.000000e+00
      vertex   1.101794e+01 -1.669147e+01 6.000000e-01
    endloop
  endfacet
  facet normal 5.256838e-01 -8.506801e-01 0.000000e+00
    outer loop
      vertex   1.101794e+01 -1.669147e+01 6.000000e-01
      vertex   1.000000e+01 -1.732051e+01 0.000000e+00
      vertex   1.101794e+01 -1.669147e+01 0.000000e+00
    endloop
  endfacet
  facet normal 5.756171e-01 -8.177194e-01 0.000000e+00
    outer loop
      vertex   1.101794e+01 -1.669147e+01 6.000000e-01
      vertex   1.101794e+01 -1.669147e+01 0.000000e+00
      vertex   1.199644e+01 -1.600267e+01 6.000000e-01
    endloop
  endfacet
  facet normal 5.756171e-01 -8.177194e-01 0.000000e+00
    outer loop
      vertex   1.199644e+01 -1.600267e+01 6.000000e-01
      vertex   1.101794e+01 -1.669147e+01 0.000000e+00
      vertex   1.199644e+01 -1.600267e+01 0.000000e+00
    endloop
  endfacet
  facet normal 6.234898e-01 -7.818315e-01 0.000000e+00
    outer loop
      vertex   1.199644e+01 -1.600267e+01 6.000000e-01
      vertex   1.199644e+01 -1.600267e+01 0.000000e+00
      vertex   1.293199e+01 -1.525659e+01 6.000000e-01
    endloop
  endfacet
  facet normal 6.234898e-01 -7.818315e-01 0.000000e+00
    outer loop
      vertex   1.293199e+01 -1.525659e+01 6.000000e-01
      vertex   1.199644e+01 -1.600267e+01 0.000000e+00
      vertex   1.293199e+01 -1.525659e+01 0.000000e+00
    endloop
  endfacet
  facet normal 6.691306e-01 -7.431448e-01 0.000000e+00
    outer loop
      vertex   1.293199e+01 -1.525659e+01 6.000000e-01
      vertex   1.293199e+01 -1.525659e+01 0.000000e+00
      vertex   1.382125e+01 -1.445590e+01 6.000000e-01
    endloop
  endfacet
  facet normal 6.691306e-01 -7.431448e-01 0.000000e+00
    outer loop
      vertex   1.382125e+01 -1.445590e+01 6.000000e-01
      vertex   1.293199e+01 -1.525659e+01 0.000000e+00
      vertex   1.382125e+01 -1.445590e+01 0.000000e+00
    endloop
  endfacet
  facet normal 7.123761e-01 -7.017979e-01 0.000000e+00
    outer loop
      vertex   1.382125e+01 -1.445590e+01 6.000000e-01
      vertex   1.382125e+01 -1.445590e+01 0.000000e+00
      vertex   1.466104e+01 -1.360345e+01 6.000000e-01
    endloop
  endfacet
  facet normal 7.123761e-01 -7.017979e-01 0.000000e+00
    outer loop
      vertex   1.466104e+01 -1.360345e+01 6.000000e-01
      vertex   1.382125e+01 -1.445590e+01 0.000000e+00
      vertex   1.466104e+01 -1.360345e+01 0.000000e+00
    endloop
  endfacet
  facet normal 7.530715e-01 -6.579387e-01 0.000000e+00
    outer loop
      vertex   1.466104e+01 -1.360345e+01 6.000000e-01
      vertex   1.466104e+01 -1.360345e+01 0.000000e+00
      vertex   1.544834e+01 -1.270232e+01 6.000000e-01
    endloop
  endfacet
  facet normal 7.530715e-01 -6.579387e-01 0.000000e+00
    outer loop
      vertex   1.544834e+01 -1.270232e+01 6.000000e-01
      vertex   1.466104e+01 -1.360345e+01 0.000000e+00
      vertex   1.544834e+01 -1.270232e+01 0.000000e+00
    endloop
  endfacet
  facet normal 7.910710e-01 -6.117243e-01 0.000000e+00
    outer loop
      vertex   1.544834e+01 -1.270232e+01 6.000000e-01
      vertex   1.544834e+01 -1.270232e+01 0.000000e+00
      vertex   1.618034e+01 -1.175571e+01 6.000000e-01
    endloop
  endfacet
  facet normal 7.910710e-01 -6.117243e-01 0.000000e+00
    outer loop
      vertex   1.618034e+01 -1.175571e+01 6.000000e-01
      vertex   1.544834e+01 -1.270232e+01 0.000000e+00
      vertex   1.618034e+01 -1.175571e+01 0.000000e+00
    endloop
  endfacet
  facet normal 8.262388e-01 -5.633201e-01 0.000000e+00
    outer loop
      vertex   1.618034e+01 -1.175571e+01 6.000000e-01
      vertex   1.618034e+01 -1.175571e+01 0.000000e+00
      vertex   1.685442e+01 -1.076701e+01 6.000000e-01
    endloop
  endfacet
  facet normal 8.262388e-01 -5.633201e-01 0.000000e+00
    outer loop
      vertex   1.685442e+01 -1.076701e+01 6.000000e-01
      vertex   1.618034e+01 -1.175571e+01 0.000000e+00
      vertex   1.685442e+01 -1.076701e+01 0.000000e+00
    endloop
  endfacet
  facet normal 8.584488e-01 -5.128993e-01 0.000000e+00
    outer loop
      vertex   1.685442e+01 -1.076701e+01 6.000000e-01
      vertex   1.685442e+01 -1.076701e+01 0.000000e+00
      vertex   1.746816e+01 -9.739776e+00 6.000000e-01
    endloop
  endfacet
  facet normal 8.584488e-01 -5.128993e-01 0.000000e+00
    outer loop
      vertex   1.746816e+01 -9.739776e+00 6.000000e-01
      vertex   1.685442e+01 -1.076701e+01 0.000000e+00
      vertex   1.746816e+01 -9.739776e+00 0.000000e+00
    endloop
  endfacet
  facet normal 8.875858e-01 -4.606425e-01 0.000000e+00
    outer loop
      vertex   1.746816e+01 -9.739776e+00 6.000000e-01
      vertex   1.746816e+01 -9.739776e+00 0.000000e+00
      vertex   1.801938e+01 -8.677675e+00 6.000000e-01
    endloop
  endfacet
  facet normal 8.875858e-01 -4.606425e-01 0.000000e+00
    outer loop
      vertex   1.801938e+01 -8.677675e+00 6.000000e-01
      vertex   1.746816e+01 -9.739776e+00 0.000000e+00
      vertex   1.801938e+01 -8.677675e+00 0.000000e+00
    endloop
  endfacet
  facet normal 9.135455e-01 -4.067366e-01 0.000000e+00
    outer loop
      vertex   1.801938e+01 -8.677675e+00 6.000000e-01
      vertex   1.801938e+01 -8.677675e+00 0.000000e+00
      vertex   1.850609e+01 -7.584509e+00 6.000000e-01
    endloop
  endfacet
  facet normal 9.135455e-01 -4.067366e-01 0.000000e+00
    outer loop
      vertex   1.850609e+01 -7.584509e+00 6.000000e-01
      vertex   1.801938e+01 -8.677675e+00 0.000000e+00
      vertex   1.850609e+01 -7.584509e+00 0.000000e+00
    endloop
  endfacet
  facet normal 9.362349e-01 -3.513748e-01 0.000000e+00
    outer loop
      vertex   1.850609e+01 -7.584509e+00 6.000000e-01
      vertex   1.850609e+01 -7.584509e+00 0.000000e+00
      vertex   1.892655e+01 -6.464193e+00 6.000000e-01
    endloop
  endfacet
  facet normal 9.362349e-01 -3.513748e-01 0.000000e+00
    outer loop
      vertex   1.892655e+01 -6.464193e+00 6.000000e-01
      vertex   1.850609e+01 -7.584509e+00 0.000000e+00
      vertex   1.892655e+01 -6.464193e+00 0.000000e+00
    endloop
  endfacet
  facet normal 9.555728e-01 -2.947552e-01 0.000000e+00
    outer loop
      vertex   1.892655e+01 -6.464193e+00 6.000000e-01
      vertex   1.892655e+01 -6.464193e+00 0.000000e+00
      vertex   1.927926e+01 -5.320737e+00 6.000000e-01
    endloop
  endfacet
  facet normal 9.555728e-01 -2.947552e-01 0.000000e+00
    outer loop
      vertex   1.927926e+01 -5.320737e+00 6.000000e-01
      vertex   1.892655e+01 -6.464193e+00 0.000000e+00
      vertex   1.927926e+01 -5.320737e+00 0.000000e+00
    endloop
  endfacet
  facet normal 9.714900e-01 -2.370804e-01 0.000000e+00
    outer loop
      vertex   1.927926e+01 -5.320737e+00 6.000000e-01
      vertex   1.927926e+01 -5.320737e+00 0.000000e+00
      vertex   1.956295e+01 -4.158234e+00 6.000000e-01
    endloop
  endfacet
  facet normal 9.714900e-01 -2.370804e-01 0.000000e+00
    outer loop
      vertex   1.956295e+01 -4.158234e+00 6.000000e-01
      vertex   1.927926e+01 -5.320737e+00 0.000000e+00
      vertex   1.956295e+01 -4.158234e+00 0.000000e+00
    endloop
  endfacet
  facet normal 9.839296e-01 -1.785569e-01 0.000000e+00
    outer loop
      vertex   1.956295e+01 -4.158234e+00 6.000000e-01
      vertex   1.956295e+01 -4.158234e+00 0.000000e+00
      vertex   1.977662e+01 -2.980845e+00 6.000000e-01
    endloop
  endfacet
  facet normal 9.839296e-01 -1.785569e-01 0.000000e+00
    outer loop
      vertex   1.977662e+01 -2.980845e+00 6.000000e-01
      vertex   1.956295e+01 -4.158234e+00 0.000000e+00
      vertex   1.977662e+01 -2.980845e+00 0.000000e+00
    endloop
  endfacet
  facet normal 9.928469e-01 -1.193942e-01 0.000000e+00
    outer loop
      vertex   1.977662e+01 -2.980845e+00 6.000000e-01
      vertex   1.977662e+01 -2.980845e+00 0.000000e+00
      vertex   1.991949e+01 -1.792786e+00 6.000000e-01
    endloop
  endfacet
  facet normal 9.928469e-01 -1.193942e-01 0.000000e+00
    outer loop
      vertex   1.991949e+01 -1.792786e+00 6.000000e-01
      vertex   1.977662e+01 -2.980845e+00 0.000000e+00
      vertex   1.991949e+01 -1.792786e+00 0.000000e+00
    endloop
  endfacet
  facet normal 9.982101e-01 -5.980415e-02 0.000000e+00
    outer loop
      vertex   1.991949e+01 -1.792786e+00 6.000000e-01
      vertex   1.991949e+01 -1.792786e+00 0.000000e+00
      vertex   1.999105e+01 -5.983093e-01 6.000000e-01
    endloop
  endfacet
  facet normal 9.982101e-01 -5.980415e-02 0.000000e+00
    outer loop
      vertex   1.999105e+01 -5.983093e-01 6.000000e-01
      vertex   1.991949e+01 -1.792786e+00 0.000000e+00
      vertex   1.999105e+01 -5.983093e-01 0.000000e+00
    endloop
  endfacet
  facet normal 1.000000e+00 -0.000000e+00 0.000000e+00
    outer loop
      vertex   1.999105e+01 -5.983093e-01 6.000000e-01
      vertex   1.999105e+01 -5.983093e-01 0.000000e+00
      vertex   1.999105e+01 5.983093e-01 6.000000e-01
    endloop
  endfacet
  facet normal 1.000000e+00 0.000000e+00 0.000000e+00
    outer loop
      vertex   1.999105e+01 5.983093e-01 6.000000e-01
      vertex   1.999105e+01 -5.983093e-01 0.000000e+00
      vertex   1.999105e+01 5.983093e-01 0.000000e+00
    endloop
  endfacet
  facet normal 9.982101e-01 5.980415e-02 0.000000e+00
    outer loop
      vertex   1.999105e+01 5.983093e-01 6.000000e-01
      vertex   1.999105e+01 5.983093e-01 0.000000e+00
      vertex   1.991949e+01 1.792786e+00 6.000000e-01
    endloop
  endfacet
  facet normal 9.982101e-01 5.980415e-02 0.000000e+00
    outer loop
      vertex   1.991949e+01 1.792786e+00 6.000000e-01
      vertex   1.999105e+01 5.983093e-01 0.000000e+00
      vertex   1.991949e+01 1.792786e+00 0.000000e+00
    endloop
  endfacet
  facet normal 9.928469e-01 1.193942e-01 0.000000e+00
    outer loop
      vertex   1.991949e+01 1.792786e+00 6.000000e-01
      vertex   1.991949e+01 1.792786e+00 0.000000e+00
      vertex   1.977662e+01 2.980845e+00 6.000000e-01
    endloop
  endfacet
  facet normal 9.928469e-01 1.193942e-01 0.000000e+00
    outer loop
      vertex   1.977662e+01 2.980845e+00 6.000000e-01
      vertex   1.991949e+01 1.792786e+00 0.000000e+00
      vertex   1.977662e+01 2.980845e+00 0.000000e+00
    endloop
  endfacet
  facet normal 9.839296e-01 1.785569e-01 0.000000e+00
    outer loop
      vertex   1.977662e+01 2.980845e+00 6.000000e-01
      vertex   1.977662e+01 2.980845e+00 0.000000e+00
      vertex   1.956295e+01 4.158234e+00 6.000000e-01
    endloop
  endfacet
  facet normal 9.839296e-01 1.785569e-01 0.000000e+00
    outer loop
      vertex   1.956295e+01 4.158234e+00 6.000000e-01
      vertex   1.977662e+01 2.980845e+00 0.000000e+00
      vertex   1.956295e+01 4.158234e+00 0.000000e+00
    endloop
  endfacet
  facet normal 9.714900e-01 2.370804e-01 0.000000e+00
    outer loop
      vertex   1.956295e+01 4.158234e+00 6.000000e-01
      vertex   1.956295e+01 4.158234e+00 0.000000e+00
      vertex   1.927926e+01 5.320737e+00 6.000000e-01
    endloop
  endfacet
  facet normal 9.714900e-01 2.370804e-01 0.000000e+00
    outer loop
      vertex   1.927926e+01 5.320737e+00 6.000000e-01
      vertex   1.956295e+01 4.158234e+00 0.000000e+00
      vertex   1.927926e+01 5.320737e+00 0.000000e+00
    endloop
  endfacet
  facet normal 9.555728e-01 2.947552e-01 0.000000e+00
    outer loop
      vertex   1.927926e+01 5.320737e+00 6.000000e-01
      vertex   1.927926e+01 5.320737e+00 0.000000e+00
      vertex   1.892655e+01 6.464193e+00 6.000000e-01
    endloop
  endfacet
  facet normal 9.555728e-01 2.947552e-01 0.000000e+00
    outer loop
      vertex   1.892655e+01 6.464193e+00 6.000000e-01
      vertex   1.927926e+01 5.320737e+00 0.000000e+00
      vertex   1.892655e+01 6.464193e+00 0.000000e+00
    endloop
  endfacet
  facet normal 9.362349e-01 3.513748e-01 0.000000e+00
    outer loop
      vertex   1.892655e+01 6.464193e+00 6.000000e-01
      vertex   1.892655e+01 6.464193e+00 0.000000e+00
      vertex   1.850609e+01 7.584509e+00 6.000000e-01
    endloop
  endfacet
  facet normal 9.362349e-01 3.513748e-01 0.000000e+00
    outer loop
      vertex   1.850609e+01 7.584509e+00 6.000000e-01
      vertex   1.892655e+01 6.464193e+00 0.000000e+00
      vertex   1.850609e+01 7.584509e+00 0.000000e+00
    endloop
  endfacet
  facet normal 9.135455e-01 4.067366e-01 0.000000e+00
    outer loop
      vertex   1.850609e+01 7.584509e+00 6.000000e-01
      vertex   1.850609e+01 7.584509e+00 0.000000e+00
      vertex   1.801938e+01 8.677675e+00 6.000000e-01
    endloop
  endfacet
  facet normal 9.135455e-01 4.067366e-01 0.000000e+00
    outer loop
      vertex   1.801938e+01 8.677675e+00 6.000000e-01
      vertex   1.850609e+01 7.584509e+00 0.000000e+00
      vertex   1.801938e+01 8.677675e+00 0.000000e+00
    endloop
  endfacet
  facet normal 8.875858e-01 4.606425e-01 0.000000e+00
    outer loop
      vertex   1.801938e+01 8.677675e+00 6.000000e-01
      vertex   1.801938e+01 8.677675e+00 0.000000e+00
      vertex   1.746816e+01 9.739776e+00 6.000000e-01
    endloop
  endfacet
  facet normal 8.875858e-01 4.606425e-01 0.000000e+00
    outer loop
      vertex   1.746816e+01 9.739776e+00 6.000000e-01
      vertex   1.801938e+01 8.677675e+00 0.000000e+00
      vertex   1.746816e+01 9.739776e+00 0.000000e+00
    endloop
  endfacet
  facet normal 8.584488e-01 5.128993e-01 0.000000e+00
    outer loop
      vertex   1.746816e+01 9.739776e+00 6.000000e-01
      vertex   1.746816e+01 9.739776e+00 0.000000e+00
      vertex   1.685442e+01 1.076701e+01 6.000000e-01
    endloop
  endfacet
  facet normal 8.584488e-01 5.128993e-01 0.000000e+00
    outer loop
      vertex   1.685442e+01 1.076701e+01 6.000000e-01
      vertex   1.746816e+01 9.739776e+00 0.000000e+00
      vertex   1.685442e+01 1.076701e+01 0.000000e+00
    endloop
  endfacet
  facet normal 8.262388e-01 5.633201e-01 0.000000e+00
    outer loop
      vertex   1.685442e+01 1.076701e+01 6.000000e-01
      vertex   1.685442e+01 1.076701e+01 0.000000e+00
      vertex   1.618034e+01 1.175571e+01 6.000000e-01
    endloop
  endfacet
  facet normal 8.262388e-01 5.633201e-01 0.000000e+00
    outer loop
      vertex   1.618034e+01 1.175571e+01 6.000000e-01
      vertex   1.685442e+01 1.076701e+01 0.000000e+00
      vertex   1.618034e+01 1.175571e+01 0.000000e+00
    endloop
  endfacet
  facet normal 7.910710e-01 6.117243e-01 0.000000e+00
    outer loop
      vertex   1.618034e+01 1.175571e+01 6.000000e-01
      vertex   1.618034e+01 1.175571e+01 0.000000e+00
      vertex   1.544834e+01 1.270232e+01 6.000000e-01
    endloop
  endfacet
  facet normal 7.910710e-01 6.117243e-01 0.000000e+00
    outer loop
      vertex   1.544834e+01 1.270232e+01 6.000000e-01
      vertex   1.618034e+01 1.175571e+01 0.000000e+00
      vertex   1.544834e+01 1.270232e+01 0.000000e+00
    endloop
  endfacet
  facet normal 7.530715e-01 6.579387e-01 0.000000e+00
    outer loop
      vertex   1.544834e+01 1.270232e+01 6.000000e-01
      vertex   1.544834e+01 1.270232e+01 0.000000e+00
      vertex   1.466104e+01 1.360345e+01 6.000000e-01
    endloop
  endfacet
  facet normal 7.530715e-01 6.579387e-01 0.000000e+00
    outer loop
      vertex   1.466104e+01 1.360345e+01 6.000000e-01
      vertex   1.544834e+01 1.270232e+01 0.000000e+00
      vertex   1.466104e+01 1.360345e+01 0.000000e+00
    endloop
  endfacet
  facet normal 7.123761e-01 7.017979e-01 0.000000e+00
    outer loop
      vertex   1.466104e+01 1.360345e+01 6.000000e-01
      vertex   1.466104e+01 1.360345e+01 0.000000e+00
      vertex   1.382125e+01 1.445590e+01 6.000000e-01
    endloop
  endfacet
  facet normal 7.123761e-01 7.017979e-01 0.000000e+00
    outer loop
      vertex   1.382125e+01 1.445590e+01 6.000000e-01
      vertex   1.466104e+01 1.360345e+01 0.000000e+00
      vertex   1.382125e+01 1.445590e+01 0.000000e+00
    endloop
  endfacet
  facet normal 6.691306e-01 7.431448e-01 0.000000e+00
    outer loop
      vertex   1.382125e+01 1.445590e+01 6.000000e-01
      vertex   1.382125e+01 1.445590e+01 0.000000e+00
      vertex   1.293199e+01 1.525659e+01 6.000000e-01
    endloop
  endfacet
  facet normal 6.691306e-01 7.431448e-01 0.000000e+00
    outer loop
      vertex   1.293199e+01 1.525659e+01 6.000000e-01
      vertex   1.382125e+01 1.445590e+01 0.000000e+00
      vertex   1.293199e+01 1.525659e+01 0.000000e+00
    endloop
  endfacet
  facet normal 6.234898e-01 7.818315e-01 0.000000e+00
    outer loop
      vertex   1.293199e+01 1.525659e+01 6.000000e-01
      vertex   1.293199e+01 1.525659e+01 0.000000e+00
      vertex   1.199644e+01 1.600267e+01 6.000000e-01
    endloop
  endfacet
  facet normal 6.234898e-01 7.818315e-01 0.000000e+00
    outer loop
      vertex   1.199644e+01 1.600267e+01 6.000000e-01
      vertex   1.293199e+01 1.525659e+01 0.000000e+00
      vertex   1.199644e+01 1.600267e+01 0.000000e+00
    endloop
  endfacet
  facet normal 5.756171e-01 8.177194e-01 0.000000e+00
    outer loop
      vertex   1.199644e+01 1.600267e+01 6.000000e-01
      vertex   1.199644e+01 1.600267e+01 0.000000e+00
      vertex   1.101794e+01 1.669147e+01 6.000000e-01
    endloop
  endfacet
  facet normal 5.756171e-01 8.177194e-01 0.000000e+00
    outer loop
      vertex   1.101794e+01 1.669147e+01 6.000000e-01
      vertex   1.199644e+01 1.600267e+01 0.000000e+00
      vertex   1.101794e+01 1.669147e+01 0.000000e+00
    endloop
  endfacet
  facet normal 5.256838e-01 8.506801e-01 0.000000e+00
    outer loop
      vertex   1.101794e+01 1.669147e+01 6.000000e-01
      vertex   1.101794e+01 1.669147e+01 0.000000e+00
      vertex   1.000000e+01 1.732051e+01 6.000000e-01
    endloop
  endfacet
  facet normal 5.256838e-01 8.506801e-01 0.000000e+00
    outer loop
      vertex   1.000000e+01 1.732051e+01 6.000000e-01
      vertex   1.101794e+01 1.669147e+01 0.000000e+00
      vertex   1.000000e+01 1.732051e+01 0.000000e+00
    endloop
  endfacet
  facet normal 4.738687e-01 8.805955e-01 0.000000e+00
    outer loop
      vertex   1.000000e+01 1.732051e+01 6.000000e-01
      vertex   1.000000e+01 1.732051e+01 0.000000e+00
      vertex   8.946263e+00 1.788755e+01 6.000000e-01
    endloop
  endfacet
  facet normal 4.738687e-01 8.805955e-01 0.000000e+00
    outer loop
      vertex   8.946263e+00 1.788755e+01 6.000000e-01
      vertex   1.000000e+01 1.732051e+01 0.000000e+00
      vertex   8.946263e+00 1.788755e+01 0.000000e+00
    endloop
  endfacet
  facet normal 4.203572e-01 9.073587e-01 0.000000e+00
    outer loop
      vertex   8.946263e+00 1.788755e+01 6.000000e-01
      vertex   8.946263e+00 1.788755e+01 0.000000e+00
      vertex   7.860501e+00 1.839056e+01 6.000000e-01
    endloop
  endfacet
  facet normal 4.203572e-01 9.073587e-01 0.000000e+00
    outer loop
      vertex   7.860501e+00 1.839056e+01 6.000000e-01
      vertex   8.946263e+00 1.788755e+01 0.000000e+00
      vertex   7.860501e+00 1.839056e+01 0.000000e+00
    endloop
  endfacet
  facet normal 3.653410e-01 9.308737e-01 0.000000e+00
    outer loop
      vertex   7.860501e+00 1.839056e+01 6.000000e-01
      vertex   7.860501e+00 1.839056e+01 0.000000e+00
      vertex   6.746600e+00 1.882773e+01 6.000000e-01
    endloop
  endfacet
  facet normal 3.653410e-01 9.308737e-01 0.000000e+00
    outer loop
      vertex   6.746600e+00 1.882773e+01 6.000000e-01
      vertex   7.860501e+00 1.839056e+01 0.000000e+00
      vertex   6.746600e+00 1.882773e+01 0.000000e+00
    endloop
  endfacet
  facet normal 3.090170e-01 9.510565e-01 0.000000e+00
    outer loop
      vertex   6.746600e+00 1.882773e+01 6.000000e-01
      vertex   6.746600e+00 1.882773e+01 0.000000e+00
      vertex   5.608548e+00 1.919750e+01 6.000000e-01
    endloop
  endfacet
  facet normal 3.090170e-01 9.510565e-01 0.000000e+00
    outer loop
      vertex   5.608548e+00 1.919750e+01 6.000000e-01
      vertex   6.746600e+00 1.882773e+01 0.000000e+00
      vertex   5.608548e+00 1.919750e+01 0.000000e+00
    endloop
  endfacet
  facet normal 2.515868e-01 9.678347e-01 0.000000e+00
    outer loop
      vertex   5.608548e+00 1.919750e+01 6.000000e-01
      vertex   5.608548e+00 1.919750e+01 0.000000e+00
      vertex   4.450419e+00 1.949856e+01 6.000000e-01
    endloop
  endfacet
  facet normal 2.515868e-01 9.678347e-01 0.000000e+00
    outer loop
      vertex   4.450419e+00 1.949856e+01 6.000000e-01
      vertex   5.608548e+00 1.919750e+01 0.000000e+00
      vertex   4.450419e+00 1.949856e+01 0.000000e+00
    endloop
  endfacet
  facet normal 1.932559e-01 9.811484e-01 0.000000e+00
    outer loop
      vertex   4.450419e+00 1.949856e+01 6.000000e-01
      vertex   4.450419e+00 1.949856e+01 0.000000e+00
      vertex   3.276358e+00 1.972981e+01 6.000000e-01
    endloop
  endfacet
  facet normal 1.932559e-01 9.811484e-01 0.000000e+00
    outer loop
      vertex   3.276358e+00 1.972981e+01 6.000000e-01
      vertex   4.450419e+00 1.949856e+01 0.000000e+00
      vertex   3.276358e+00 1.972981e+01 0.000000e+00
    endloop
  endfacet
  facet normal 1.342333e-01 9.909498e-01 0.000000e+00
    outer loop
      vertex   3.276358e+00 1.972981e+01 6.000000e-01
      vertex   3.276358e+00 1.972981e+01 0.000000e+00
      vertex   2.090569e+00 1.989044e+01 6.000000e-01
    endloop
  endfacet
  facet normal 1.342333e-01 9.909498e-01 0.000000e+00
    outer loop
      vertex   2.090569e+00 1.989044e+01 6.000000e-01
      vertex   3.276358e+00 1.972981e+01 0.000000e+00
      vertex   2.090569e+00 1.989044e+01 0.000000e+00
    endloop
  endfacet
  facet normal 7.473009e-02 9.972038e-01 0.000000e+00
    outer loop
      vertex   2.090569e+00 1.989044e+01 6.000000e-01
      vertex   2.090569e+00 1.989044e+01 0.000000e+00
      vertex   8.972966e-01 1.997986e+01 6.000000e-01
    endloop
  endfacet
  facet normal 7.473009e-02 9.972038e-01 0.000000e+00
    outer loop
      vertex   8.972966e-01 1.997986e+01 6.000000e-01
      vertex   2.090569e+00 1.989044e+01 0.000000e+00
      vertex   8.972966e-01 1.997986e+01 0.000000e+00
    endloop
  endfacet
  facet normal 1.495941e-02 9.998881e-01 0.000000e+00
    outer loop
      vertex   8.972966e-01 1.997986e+01 6.000000e-01
      vertex   8.972966e-01 1.997986e+01 0.000000e+00
      vertex   -2.991881e-01 1.999776e+01 6.000000e-01
    endloop
  endfacet
  facet normal 1.495941e-02 9.998881e-01 0.000000e+00
    outer loop
      vertex   -2.991881e-01 1.999776e+01 6.000000e-01
      vertex   8.972966e-01 1.997986e+01 0.000000e+00
      vertex   -2.991881e-01 1.999776e+01 0.000000e+00
    endloop
  endfacet
  facet normal -4.486483e-02 9.989931e-01 0.000000e+00
    outer loop
      vertex   -2.991881e-01 1.999776e+01 6.000000e-01
      vertex   -2.991881e-01 1.999776e+01 0.000000e+00
      vertex   -1.494602e+00 1.994408e+01 6.000000e-01
    endloop
  endfacet
  facet normal -4.486483e-02 9.989931e-01 0.000000e+00
    outer loop
      vertex   -1.494602e+00 1.994408e+01 6.000000e-01
      vertex   -2.991881e-01 1.999776e+01 0.000000e+00
      vertex   -1.494602e+00 1.994408e+01 0.000000e+00
    endloop
  endfacet
  facet normal -1.045285e-01 9.945219e-01 0.000000e+00
    outer loop
      vertex   -1.494602e+00 1.994408e+01 6.000000e-01
      vertex   -1.494602e+00 1.994408e+01 0.000000e+00
      vertex   -2.684665e+00 1.981900e+01 6.000000e-01
    endloop
  endfacet
  facet normal -1.045285e-01 9.945219e-01 0.000000e+00
    outer loop
      vertex   -2.684665e+00 1.981900e+01 6.000000e-01
      vertex   -1.494602e+00 1.994408e+01 0.000000e+00
      vertex   -2.684665e+00 1.981900e+01 0.000000e+00
    endloop
  endfacet
  facet normal -1.638179e-01 9.864906e-01 0.000000e+00
    outer loop
      vertex   -2.684665e+00 1.981900e+01 6.000000e-01
      vertex   -2.684665e+00 1.981900e+01 0.000000e+00
      vertex   -3.865118e+00 1.962297e+01 6.000000e-01
    endloop
  endfacet
  facet normal -1.638179e-01 9.864906e-01 0.000000e+00
    outer loop
      vertex   -3.865118e+00 1.962297e+01 6.000000e-01
      vertex   -2.684665e+00 1.981900e+01 0.000000e+00
      vertex   -3.865118e+00 1.962297e+01 0.000000e+00
    endloop
  endfacet
  facet normal -2.225209e-01 9.749279e-01 0.000000e+00
    outer loop
      vertex   -3.865118e+00 1.962297e+01 6.000000e-01
      vertex   -3.865118e+00 1.962297e+01 0.000000e+00
      vertex   -5.031735e+00 1.935669e+01 6.000000e-01
    endloop
  endfacet
  facet normal -2.225209e-01 9.749279e-01 0.000000e+00
    outer loop
      vertex   -5.031735e+00 1.935669e+01 6.000000e-01
      vertex   -3.865118e+00 1.962297e+01 0.000000e+00
      vertex   -5.031735e+00 1.935669e+01 0.000000e+00
    endloop
  endfacet
  facet normal -2.804274e-01 9.598752e-01 0.000000e+00
    outer loop
      vertex   -5.031735e+00 1.935669e+01 6.000000e-01
      vertex   -5.031735e+00 1.935669e+01 0.000000e+00
      vertex   -6.180340e+00 1.902113e+01 6.000000e-01
    endloop
  endfacet
  facet normal -2.804274e-01 9.598752e-01 0.000000e+00
    outer loop
      vertex   -6.180340e+00 1.902113e+01 6.000000e-01
      vertex   -5.031735e+00 1.935669e+01 0.000000e+00
      vertex   -6.180340e+00 1.902113e+01 0.000000e+00
    endloop
  endfacet
  facet normal -3.373300e-01 9.413865e-01 0.000000e+00
    outer loop
      vertex   -6.180340e+00 1.902113e+01 6.000000e-01
      vertex   -6.180340e+00 1.902113e+01 0.000000e+00
      vertex   -7.306820e+00 1.861747e+01 6.000000e-01
    endloop
  endfacet
  facet normal -3.373300e-01 9.413865e-01 0.000000e+00
    outer loop
      vertex   -7.306820e+00 1.861747e+01 6.000000e-01
      vertex   -6.180340e+00 1.902113e+01 0.000000e+00
      vertex   -7.306820e+00 1.861747e+01 0.000000e+00
    endloop
  endfacet
  facet normal -3.930250e-01 9.195278e-01 0.000000e+00
    outer loop
      vertex   -7.306820e+00 1.861747e+01 6.000000e-01
      vertex   -7.306820e+00 1.861747e+01 0.000000e+00
      vertex   -8.407145e+00 1.814717e+01 6.000000e-01
    endloop
  endfacet
  facet normal -3.930250e-01 9.195278e-01 0.000000e+00
    outer loop
      vertex   -8.407145e+00 1.814717e+01 6.000000e-01
      vertex   -7.306820e+00 1.861747e+01 0.000000e+00
      vertex   -8.407145e+00 1.814717e+01 0.000000e+00
    endloop
  endfacet
  facet normal -4.473131e-01 8.943774e-01 0.000000e+00
    outer loop
      vertex   -8.407145e+00 1.814717e+01 6.000000e-01
      vertex   -8.407145e+00 1.814717e+01 0.000000e+00
      vertex   -9.477373e+00 1.761191e+01 6.000000e-01
    endloop
  endfacet
  facet normal -4.473131e-01 8.943774e-01 0.000000e+00
    outer loop
      vertex   -9.477373e+00 1.761191e+01 6.000000e-01
      vertex   -8.407145e+00 1.814717e+01 0.000000e+00
      vertex   -9.477373e+00 1.761191e+01 0.000000e+00
    endloop
  endfacet
  facet normal -5.000000e-01 8.660254e-01 0.000000e+00
    outer loop
      vertex   -9.477373e+00 1.761191e+01 6.000000e-01
      vertex   -9.477373e+00 1.761191e+01 0.000000e+00
      vertex   -1.051368e+01 1.701360e+01 6.000000e-01
    endloop
  endfacet
  facet normal -5.000000e-01 8.660254e-01 0.000000e+00
    outer loop
      vertex   -1.051368e+01 1.701360e+01 6.000000e-01
      vertex   -9.477373e+00 1.761191e+01 0.000000e+00
      vertex   -1.051368e+01 1.701360e+01 0.000000e+00
    endloop
  endfacet
  facet normal -5.508970e-01 8.345733e-01 0.000000e+00
    outer loop
      vertex   -1.051368e+01 1.701360e+01 6.000000e-01
      vertex   -1.051368e+01 1.701360e+01 0.000000e+00
      vertex   -1.151234e+01 1.635439e+01 6.000000e-01
    endloop
  endfacet
  facet normal -5.508970e-01 8.345733e-01 0.000000e+00
    outer loop
      vertex   -1.151234e+01 1.635439e+01 6.000000e-01
      vertex   -1.051368e+01 1.701360e+01 0.000000e+00
      vertex   -1.151234e+01 1.635439e+01 0.000000e+00
    endloop
  endfacet
  facet normal -5.998219e-01 8.001335e-01 0.000000e+00
    outer loop
      vertex   -1.151234e+01 1.635439e+01 6.000000e-01
      vertex   -1.151234e+01 1.635439e+01 0.000000e+00
      vertex   -1.246980e+01 1.563663e+01 6.000000e-01
    endloop
  endfacet
  facet normal -5.998219e-01 8.001335e-01 0.000000e+00
    outer loop
      vertex   -1.246980e+01 1.563663e+01 6.000000e-01
      vertex   -1.151234e+01 1.635439e+01 0.000000e+00
      vertex   -1.246980e+01 1.563663e+01 0.000000e+00
    endloop
  endfacet
  facet normal -6.465996e-01 7.628296e-01 0.000000e+00
    outer loop
      vertex   -1.246980e+01 1.563663e+01 6.000000e-01
      vertex   -1.246980e+01 1.563663e+01 0.000000e+00
      vertex   -1.338261e+01 1.486290e+01 6.000000e-01
    endloop
  endfacet
  facet normal -6.465996e-01 7.628296e-01 0.000000e+00
    outer loop
      vertex   -1.338261e+01 1.486290e+01 6.000000e-01
      vertex   -1.246980e+01 1.563663e+01 0.000000e+00
      vertex   -1.338261e+01 1.486290e+01 0.000000e+00
    endloop
  endfacet
  facet normal -6.910626e-01 7.227949e-01 0.000000e+00
    outer loop
      vertex   -1.338261e+01 1.486290e+01 6.000000e-01
      vertex   -1.338261e+01 1.486290e+01 0.000000e+00
      vertex   -1.424752e+01 1.403596e+01 6.000000e-01
    endloop
  endfacet
  facet normal -6.910626e-01 7.227949e-01 0.000000e+00
    outer loop
      vertex   -1.424752e+01 1.403596e+01 6.000000e-01
      vertex   -1.338261e+01 1.486290e+01 0.000000e+00
      vertex   -1.424752e+01 1.403596e+01 0.000000e+00
    endloop
  endfacet
  facet normal -7.330519e-01 6.801727e-01 0.000000e+00
    outer loop
      vertex   -1.424752e+01 1.403596e+01 6.000000e-01
      vertex   -1.424752e+01 1.403596e+01 0.000000e+00
      vertex   -1.506143e+01 1.315877e+01 6.000000e-01
    endloop
  endfacet
  facet normal -7.330519e-01 6.801727e-01 0.000000e+00
    outer loop
      vertex   -1.506143e+01 1.315877e+01 6.000000e-01
      vertex   -1.424752e+01 1.403596e+01 0.000000e+00
      vertex   -1.506143e+01 1.315877e+01 0.000000e+00
    endloop
  endfacet
  facet normal -7.724170e-01 6.351158e-01 0.000000e+00
    outer loop
      vertex   -1.506143e+01 1.315877e+01 6.000000e-01
      vertex   -1.506143e+01 1.315877e+01 0.000000e+00
      vertex   -1.582142e+01 1.223449e+01 6.000000e-01
    endloop
  endfacet
  facet normal -7.724170e-01 6.351158e-01 0.000000e+00
    outer loop
      vertex   -1.582142e+01 1.223449e+01 6.000000e-01
      vertex   -1.506143e+01 1.315877e+01 0.000000e+00
      vertex   -1.582142e+01 1.223449e+01 0.000000e+00
    endloop
  endfacet
  facet normal -8.090170e-01 5.877853e-01 0.000000e+00
    outer loop
      vertex   -1.582142e+01 1.223449e+01 6.000000e-01
      vertex   -1.582142e+01 1.223449e+01 0.000000e+00
      vertex   -1.652478e+01 1.126640e+01 6.000000e-01
    endloop
  endfacet
  facet normal -8.090170e-01 5.877853e-01 0.000000e+00
    outer loop
      vertex   -1.652478e+01 1.126640e+01 6.000000e-01
      vertex   -1.582142e+01 1.223449e+01 0.000000e+00
      vertex   -1.652478e+01 1.126640e+01 0.000000e+00
    endloop
  endfacet
  facet normal -8.427210e-01 5.383506e-01 0.000000e+00
    outer loop
      vertex   -1.652478e+01 1.126640e+01 6.000000e-01
      vertex   -1.652478e+01 1.126640e+01 0.000000e+00
      vertex   -1.716898e+01 1.025799e+01 6.000000e-01
    endloop
  endfacet
  facet normal -8.427210e-01 5.383506e-01 0.000000e+00
    outer loop
      vertex   -1.716898e+01 1.025799e+01 6.000000e-01
      vertex   -1.652478e+01 1.126640e+01 0.000000e+00
      vertex   -1.716898e+01 1.025799e+01 0.000000e+00
    endloop
  endfacet
  facet normal -8.734082e-01 4.869888e-01 0.000000e+00
    outer loop
      vertex   -1.716898e+01 1.025799e+01 6.000000e-01
      vertex   -1.716898e+01 1.025799e+01 0.000000e+00
      vertex   -1.775172e+01 9.212849e+00 6.000000e-01
    endloop
  endfacet
  facet normal -8.734082e-01 4.869888e-01 0.000000e+00
    outer loop
      vertex   -1.775172e+01 9.212849e+00 6.000000e-01
      vertex   -1.716898e+01 1.025799e+01 0.000000e+00
      vertex   -1.775172e+01 9.212849e+00 0.000000e+00
    endloop
  endfacet
  facet normal -9.009689e-01 4.338837e-01 0.000000e+00
    outer loop
      vertex   -1.775172e+01 9.212849e+00 6.000000e-01
      vertex   -1.775172e+01 9.212849e+00 0.000000e+00
      vertex   -1.827091e+01 8.134733e+00 6.000000e-01
    endloop
  endfacet
  facet normal -9.009689e-01 4.338837e-01 0.000000e+00
    outer loop
      vertex   -1.827091e+01 8.134733e+00 6.000000e-01
      vertex   -1.775172e+01 9.212849e+00 0.000000e+00
      vertex   -1.827091e+01 8.134733e+00 0.000000e+00
    endloop
  endfacet
  facet normal -9.253043e-01 3.792255e-01 0.000000e+00
    outer loop
      vertex   -1.827091e+01 8.134733e+00 6.000000e-01
      vertex   -1.827091e+01 8.134733e+00 0.000000e+00
      vertex   -1.872470e+01 7.027496e+00 6.000000e-01
    endloop
  endfacet
  facet normal -9.253043e-01 3.792255e-01 0.000000e+00
    outer loop
      vertex   -1.872470e+01 7.027496e+00 6.000000e-01
      vertex   -1.827091e+01 8.134733e+00 0.000000e+00
      vertex   -1.872470e+01 7.027496e+00 0.000000e+00
    endloop
  endfacet
  facet normal -9.463274e-01 3.232097e-01 0.000000e+00
    outer loop
      vertex   -1.872470e+01 7.027496e+00 6.000000e-01
      vertex   -1.872470e+01 7.027496e+00 0.000000e+00
      vertex   -1.911146e+01 5.895103e+00 6.000000e-01
    endloop
  endfacet
  facet normal -9.463274e-01 3.232097e-01 0.000000e+00
    outer loop
      vertex   -1.911146e+01 5.895103e+00 6.000000e-01
      vertex   -1.872470e+01 7.027496e+00 0.000000e+00
      vertex   -1.911146e+01 5.895103e+00 0.000000e+00
    endloop
  endfacet
  facet normal -9.639629e-01 2.660368e-01 0.000000e+00
    outer loop
      vertex   -1.911146e+01 5.895103e+00 6.000000e-01
      vertex   -1.911146e+01 5.895103e+00 0.000000e+00
      vertex   -1.942980e+01 4.741608e+00 6.000000e-01
    endloop
  endfacet
  facet normal -9.639629e-01 2.660368e-01 0.000000e+00
    outer loop
      vertex   -1.942980e+01 4.741608e+00 6.000000e-01
      vertex   -1.911146e+01 5.895103e+00 0.000000e+00
      vertex   -1.942980e+01 4.741608e+00 0.000000e+00
    endloop
  endfacet
  facet normal -9.781476e-01 2.079117e-01 0.000000e+00
    outer loop
      vertex   -1.942980e+01 4.741608e+00 6.000000e-01
      vertex   -1.942980e+01 4.741608e+00 0.000000e+00
      vertex   -1.967859e+01 3.571138e+00 6.000000e-01
    endloop
  endfacet
  facet normal -9.781476e-01 2.079117e-01 0.000000e+00
    outer loop
      vertex   -1.967859e+01 3.571138e+00 6.000000e-01
      vertex   -1.942980e+01 4.741608e+00 0.000000e+00
      vertex   -1.967859e+01 3.571138e+00 0.000000e+00
    endloop
  endfacet
  facet normal -9.888308e-01 1.490423e-01 0.000000e+00
    outer loop
      vertex   -1.967859e+01 3.571138e+00 6.000000e-01
      vertex   -1.967859e+01 3.571138e+00 0.000000e+00
      vertex   -1.985694e+01 2.387884e+00 6.000000e-01
    endloop
  endfacet
  facet normal -9.888308e-01 1.490423e-01 0.000000e+00
    outer loop
      vertex   -1.985694e+01 2.387884e+00 6.000000e-01
      vertex   -1.967859e+01 3.571138e+00 0.000000e+00
      vertex   -1.985694e+01 2.387884e+00 0.000000e+00
    endloop
  endfacet
  facet normal -9.959743e-01 8.963931e-02 0.000000e+00
    outer loop
      vertex   -1.985694e+01 2.387884e+00 6.000000e-01
      vertex   -1.985694e+01 2.387884e+00 0.000000e+00
      vertex   -1.996420e+01 1.196083e+00 6.000000e-01
    endloop
  endfacet
  facet normal -9.959743e-01 8.963931e-02 0.000000e+00
    outer loop
      vertex   -1.996420e+01 1.196083e+00 6.000000e-01
      vertex   -1.985694e+01 2.387884e+00 0.000000e+00
      vertex   -1.996420e+01 1.196083e+00 0.000000e+00
    endloop
  endfacet
  facet normal 0.000000e+00 -0.000000e+00 1.000000e+00
    outer loop
      vertex   -1.996420e+01 -1.196083e+00 6.000000e-01
      vertex   1.999105e+01 -5.983093e-01 6.000000e-01
      vertex   -2.000000e+01 -2.449294e-15 6.000000e-01
    endloop
  endfacet
  facet normal -0.000000e+00 0.000000e+00 1.000000e+00
    outer loop
      vertex   -2.000000e+01 -2.449294e-15 6.000000e-01
      vertex   1.999105e+01 -5.983093e-01 6.000000e-01
      vertex   1.999105e+01 5.983093e-01 6.000000e-01
    endloop
  endfacet
  facet normal 0.000000e+00 0.000000e+00 1.000000e+00
    outer loop
      vertex   -2.000000e+01 -2.449294e-15 6.000000e-01
      vertex   1.999105e+01 5.983093e-01 6.000000e-01
      vertex   -1.996420e+01 1.196083e+00 6.000000e-01
    endloop
  endfacet
  facet normal -0.000000e+00 0.000000e+00 1.000000e+00
    outer loop
      vertex   -1.996420e+01 1.196083e+00 6.000000e-01
      vertex   1.999105e+01 5.983093e-01 6.000000e-01
      vertex   1.991949e+01 1.792786e+00 6.000000e-01
    endloop
  endfacet
  facet normal 0.000000e+00 0.000000e+00 1.000000e+00
    outer loop
      vertex   -1.996420e+01 1.196083e+00 6.000000e-01
      vertex   1.991949e+01 1.792786e+00 6.000000e-01
      vertex   -1.985694e+01 2.387884e+00 6.000000e-01
    endloop
  endfacet
  facet normal -0.000000e+00 0.000000e+00 1.000000e+00
    outer loop
      vertex   -1.985694e+01 2.387884e+00 6.000000e-01
      vertex   1.991949e+01 1.792786e+00 6.000000e-01
      vertex   1.977662e+01 2.980845e+00 6.000000e-01
    endloop
  endfacet
  facet normal 0.000000e+00 0.000000e+00 1.000000e+00
    outer loop
      vertex   -1.985694e+01 2.387884e+00 6.000000e-01
      vertex   1.977662e+01 2.980845e+00 6.000000e-01
      vertex   -1.967859e+01 3.571138e+00 6.000000e-01
    endloop
  endfacet
  facet normal -0.000000e+00 0.000000e+00 1.000000e+00
    outer loop
      vertex   -1.967859e+01 3.571138e+00 6.000000e-01
      vertex   1.977662e+01 2.980845e+00 6.000000e-01
      vertex   1.956295e+01 4.158234e+00 6.000000e-01
    endloop
  endfacet
  facet normal 0.000000e+00 0.000000e+00 1.000000e+00
    outer loop
      vertex   -1.967859e+01 3.571138e+00 6.000000e-01
      vertex   1.956295e+01 4.158234e+00 6.000000e-01
      vertex   -1.942980e+01 4.741608e+00 6.000000e-01
    endloop
  endfacet
  facet normal -0.000000e+00 0.000000e+00 1.000000e+00
    outer loop
      vertex   -1.942980e+01 4.741608e+00 6.000000e-01
      vertex   1.956295e+01 4.158234e+00 6.000000e-01
      vertex   1.927926e+01 5.320737e+00 6.000000e-01
    endloop
  endfacet
  facet normal 0.000000e+00 0.000000e+00 1.000000e+00
    outer loop
      vertex   -1.942980e+01 4.741608e+00 6.000000e-01
      vertex   1.927926e+01 5.320737e+00 6.000000e-01
      vertex   -1.911146e+01 5.895103e+00 6.000000e-01
    endloop
  endfacet
  facet normal -0.000000e+00 0.000000e+00 1.000000e+00
    outer loop
      vertex   -1.911146e+01 5.895103e+00 6.000000e-01
      vertex   1.927926e+01 5.320737e+00 6.000000e-01
      vertex   -1.872470e+01 7.027496e+00 6.000000e-01
    endloop
  endfacet
  facet normal -0.000000e+00 0.000000e+00 1.000000e+00
    outer loop
      vertex   -1.872470e+01 7.027496e+00 6.000000e-01
      vertex   1.927926e+01 5.320737e+00 6.000000e-01
      vertex   -1.827091e+01 8.134733e+00 6.000000e-01
    endloop
  endfacet
  facet normal -0.000000e+00 0.000000e+00 1.000000e+00
    outer loop
      vertex   -1.827091e+01 8.134733e+00 6.000000e-01
      vertex   1.927926e+01 5.320737e+00 6.000000e-01
      vertex   -1.775172e+01 9.212849e+00 6.000000e-01
    endloop
  endfacet
  facet normal -0.000000e+00 0.000000e+00 1.000000e+00
    outer loop
      vertex   -1.775172e+01 9.212849e+00 6.000000e-01
      vertex   1.927926e+01 5.320737e+00 6.000000e-01
      vertex   -1.716898e+01 1.025799e+01 6.000000e-01
    endloop
  endfacet
  facet normal 0.000000e+00 0.000000e+00 1.000000e+00
    outer loop
      vertex   -1.716898e+01 1.025799e+01 6.000000e-01
      vertex   1.927926e+01 5.320737e+00 6.000000e-01
      vertex   1.892655e+01 6.464193e+00 6.000000e-01
    endloop
  endfacet
  facet normal -0.000000e+00 0.000000e+00 1.000000e+00
    outer loop
      vertex   -1.716898e+01 1.025799e+01 6.000000e-01
      vertex   1.892655e+01 6.464193e+00 6.000000e-01
      vertex   -1.652478e+01 1.126640e+01 6.000000e-01
    endloop
  endfacet
  facet normal -0.000000e+00 0.000000e+00 1.000000e+00
    outer loop
      vertex   -1.652478e+01 1.126640e+01 6.000000e-01
      vertex   1.892655e+01 6.464193e+00 6.000000e-01
      vertex   -1.582142e+01 1.223449e+01 6.000000e-01
    endloop
  endfacet
  facet normal -0.000000e+00 0.000000e+00 1.000000e+00
    outer loop
      vertex   -1.582142e+01 1.223449e+01 6.000000e-01
      vertex   1.892655e+01 6.464193e+00 6.000000e-01
      vertex   -1.506143e+01 1.315877e+01 6.000000e-01
    endloop
  endfacet
  facet normal -0.000000e+00 0.000000e+00 1.000000e+00
    outer loop
      vertex   -1.506143e+01 1.315877e+01 6.000000e-01
      vertex   1.892655e+01 6.464193e+00 6.000000e-01
      vertex   -1.424752e+01 1.403596e+01 6.000000e-01
    endloop
  endfacet
  facet normal -0.000000e+00 0.000000e+00 1.000000e+00
    outer loop
      vertex   -1.424752e+01 1.403596e+01 6.000000e-01
      vertex   1.892655e+01 6.464193e+00 6.000000e-01
      vertex   -1.338261e+01 1.486290e+01 6.000000e-01
    endloop
  endfacet
  facet normal -0.000000e+00 0.000000e+00 1.000000e+00
    outer loop
      vertex   -1.338261e+01 1.486290e+01 6.000000e-01
      vertex   1.892655e+01 6.464193e+00 6.000000e-01
      vertex   -1.246980e+01 1.563663e+01 6.000000e-01
    endloop
  endfacet
  facet normal -0.000000e+00 0.000000e+00 1.000000e+00
    outer loop
      vertex   -1.246980e+01 1.563663e+01 6.000000e-01
      vertex   1.892655e+01 6.464193e+00 6.000000e-01
      vertex   -1.151234e+01 1.635439e+01 6.000000e-01
    endloop
  endfacet
  facet normal -0.000000e+00 0.000000e+00 1.000000e+00
    outer loop
      vertex   -1.151234e+01 1.635439e+01 6.000000e-01
      vertex   1.892655e+01 6.464193e+00 6.000000e-01
      vertex   -1.051368e+01 1.701360e+01 6.000000e-01
    endloop
  endfacet
  facet normal -0.000000e+00 0.000000e+00 1.000000e+00
    outer loop
      vertex   -1.051368e+01 1.701360e+01 6.000000e-01
      vertex   1.892655e+01 6.464193e+00 6.000000e-01
      vertex   -9.477373e+00 1.761191e+01 6.000000e-01
    endloop
  endfacet
  facet normal -0.000000e+00 0.000000e+00 1.000000e+00
    outer loop
      vertex   -9.477373e+00 1.761191e+01 6.000000e-01
      vertex   1.892655e+01 6.464193e+00 6.000000e-01
      vertex   -8.407145e+00 1.814717e+01 6.000000e-01
    endloop
  endfacet
  facet normal -0.000000e+00 0.000000e+00 1.000000e+00
    outer loop
      vertex   -8.407145e+00 1.814717e+01 6.000000e-01
      vertex   1.892655e+01 6.464193e+00 6.000000e-01
      vertex   -7.306820e+00 1.861747e+01 6.000000e-01
    endloop
  endfacet
  facet normal -0.000000e+00 0.000000e+00 1.000000e+00
    outer loop
      vertex   -7.306820e+00 1.861747e+01 6.000000e-01
      vertex   1.892655e+01 6.464193e+00 6.000000e-01
      vertex   -6.180340e+00 1.902113e+01 6.000000e-01
    endloop
  endfacet
  facet normal -0.000000e+00 0.000000e+00 1.000000e+00
    outer loop
      vertex   -6.180340e+00 1.902113e+01 6.000000e-01
      vertex   1.892655e+01 6.464193e+00 6.000000e-01
      vertex   -5.031735e+00 1.935669e+01 6.000000e-01
    endloop
  endfacet
  facet normal -0.000000e+00 0.000000e+00 1.000000e+00
    outer loop
      vertex   -5.031735e+00 1.935669e+01 6.000000e-01
      vertex   1.892655e+01 6.464193e+00 6.000000e-01
      vertex   -3.865118e+00 1.962297e+01 6.000000e-01
    endloop
  endfacet
  facet normal -0.000000e+00 0.000000e+00 1.000000e+00
    outer loop
      vertex   -3.865118e+00 1.962297e+01 6.000000e-01
      vertex   1.892655e+01 6.464193e+00 6.000000e-01
      vertex   -2.684665e+00 1.981900e+01 6.000000e-01
    endloop
  endfacet
  facet normal -0.000000e+00 0.000000e+00 1.000000e+00
    outer loop
      vertex   -2.684665e+00 1.981900e+01 6.000000e-01
      vertex   1.892655e+01 6.464193e+00 6.000000e-01
      vertex   -1.494602e+00 1.994408e+01 6.000000e-01
    endloop
  endfacet
  facet normal -0.000000e+00 0.000000e+00 1.000000e+00
    outer loop
      vertex   -1.494602e+00 1.994408e+01 6.000000e-01
      vertex   1.892655e+01 6.464193e+00 6.000000e-01
      vertex   -2.991881e-01 1.999776e+01 6.000000e-01
    endloop
  endfacet
  facet normal 0.000000e+00 0.000000e+00 1.000000e+00
    outer loop
      vertex   -2.991881e-01 1.999776e+01 6.000000e-01
      vertex   1.892655e+01 6.464193e+00 6.000000e-01
      vertex   8.972966e-01 1.997986e+01 6.000000e-01
    endloop
  endfacet
  facet normal 0.000000e+00 0.000000e+00 1.000000e+00
    outer loop
      vertex   8.972966e-01 1.997986e+01 6.000000e-01
      vertex   1.892655e+01 6.464193e+00 6.000000e-01
      vertex   2.090569e+00 1.989044e+01 6.000000e-01
    endloop
  endfacet
  facet normal 0.000000e+00 0.000000e+00 1.000000e+00
    outer loop
      vertex   2.090569e+00 1.989044e+01 6.000000e-01
      vertex   1.892655e+01 6.464193e+00 6.000000e-01
      vertex   3.276358e+00 1.972981e+01 6.000000e-01
    endloop
  endfacet
  facet normal 0.000000e+00 0.000000e+00 1.000000e+00
    outer loop
      vertex   3.276358e+00 1.972981e+01 6.000000e-01
      vertex   1.892655e+01 6.464193e+00 6.000000e-01
      vertex   4.450419e+00 1.949856e+01 6.000000e-01
    endloop
  endfacet
  facet normal 0.000000e+00 0.000000e+00 1.000000e+00
    outer loop
      vertex   4.450419e+00 1.949856e+01 6.000000e-01
      vertex   1.892655e+01 6.464193e+00 6.000000e-01
      vertex   5.608548e+00 1.919750e+01 6.000000e-01
    endloop
  endfacet
  facet normal 0.000000e+00 0.000000e+00 1.000000e+00
    outer loop
      vertex   5.608548e+00 1.919750e+01 6.000000e-01
      vertex   1.892655e+01 6.464193e+00 6.000000e-01
      vertex   6.746600e+00 1.882773e+01 6.000000e-01
    endloop
  endfacet
  facet normal 0.000000e+00 0.000000e+00 1.000000e+00
    outer loop
      vertex   6.746600e+00 1.882773e+01 6.000000e-01
      vertex   1.892655e+01 6.464193e+00 6.000000e-01
      vertex   7.860501e+00 1.839056e+01 6.000000e-01
    endloop
  endfacet
  facet normal 0.000000e+00 0.000000e+00 1.000000e+00
    outer loop
      vertex   7.860501e+00 1.839056e+01 6.000000e-01
      vertex   1.892655e+01 6.464193e+00 6.000000e-01
      vertex   8.946263e+00 1.788755e+01 6.000000e-01
    endloop
  endfacet
  facet normal 0.000000e+00 0.000000e+00 1.000000e+00
    outer loop
      vertex   8.946263e+00 1.788755e+01 6.000000e-01
      vertex   1.892655e+01 6.464193e+00 6.000000e-01
      vertex   1.000000e+01 1.732051e+01 6.000000e-01
    endloop
  endfacet
  facet normal 0.000000e+00 0.000000e+00 1.000000e+00
    outer loop
      vertex   1.000000e+01 1.732051e+01 6.000000e-01
      vertex   1.892655e+01 6.464193e+00 6.000000e-01
      vertex   1.101794e+01 1.669147e+01 6.000000e-01
    endloop
  endfacet
  facet normal 0.000000e+00 0.000000e+00 1.000000e+00
    outer loop
      vertex   1.101794e+01 1.669147e+01 6.000000e-01
      vertex   1.892655e+01 6.464193e+00 6.000000e-01
      vertex   1.199644e+01 1.600267e+01 6.000000e-01
    endloop
  endfacet
  facet normal 0.000000e+00 0.000000e+00 1.000000e+00
    outer loop
      vertex   1.199644e+01 1.600267e+01 6.000000e-01
      vertex   1.892655e+01 6.464193e+00 6.000000e-01
      vertex   1.293199e+01 1.525659e+01 6.000000e-01
    endloop
  endfacet
  facet normal 0.000000e+00 0.000000e+00 1.000000e+00
    outer loop
      vertex   1.293199e+01 1.525659e+01 6.000000e-01
      vertex   1.892655e+01 6.464193e+00 6.000000e-01
      vertex   1.382125e+01 1.445590e+01 6.000000e-01
    endloop
  endfacet
  facet normal 0.000000e+00 0.000000e+00 1.000000e+00
    outer loop
      vertex   1.382125e+01 1.445590e+01 6.000000e-01
      vertex   1.892655e+01 6.464193e+00 6.000000e-01
      vertex   1.466104e+01 1.360345e+01 6.000000e-01
    endloop
  endfacet
  facet normal 0.000000e+00 0.000000e+00 1.000000e+00
    outer loop
      vertex   1.466104e+01 1.360345e+01 6.000000e-01
      vertex   1.892655e+01 6.464193e+00 6.000000e-01
      vertex   1.544834e+01 1.270232e+01 6.000000e-01
    endloop
  endfacet
  facet normal 0.000000e+00 0.000000e+00 1.000000e+00
    outer loop
      vertex   1.544834e+01 1.270232e+01 6.000000e-01
      vertex   1.892655e+01 6.464193e+00 6.000000e-01
      vertex   1.618034e+01 1.175571e+01 6.000000e-01
    endloop
  endfacet
  facet normal 0.000000e+00 0.000000e+00 1.000000e+00
    outer loop
      vertex   1.618034e+01 1.175571e+01 6.000000e-01
      vertex   1.892655e+01 6.464193e+00 6.000000e-01
      vertex   1.685442e+01 1.076701e+01 6.000000e-01
    endloop
  endfacet
  facet normal 0.000000e+00 0.000000e+00 1.000000e+00
    outer loop
      vertex   1.685442e+01 1.076701e+01 6.000000e-01
      vertex   1.892655e+01 6.464193e+00 6.000000e-01
      vertex   1.746816e+01 9.739776e+00 6.000000e-01
    endloop
  endfacet
  facet normal 0.000000e+00 0.000000e+00 1.000000e+00
    outer loop
      vertex   1.746816e+01 9.739776e+00 6.000000e-01
      vertex   1.892655e+01 6.464193e+00 6.000000e-01
      vertex   1.801938e+01 8.677675e+00 6.000000e-01
    endloop
  endfacet
  facet normal 0.000000e+00 0.000000e+00 1.000000e+00
    outer loop
      vertex   1.801938e+01 8.677675e+00 6.000000e-01
      vertex   1.892655e+01 6.464193e+00 6.000000e-01
      vertex   1.850609e+01 7.584509e+00 6.000000e-01
    endloop
  endfacet
  facet normal 0.000000e+00 0.000000e+00 1.000000e+00
    outer loop
      vertex   1.999105e+01 -5.983093e-01 6.000000e-01
      vertex   -1.996420e+01 -1.196083e+00 6.000000e-01
      vertex   1.991949e+01 -1.792786e+00 6.000000e-01
    endloop
  endfacet
  facet normal 0.000000e+00 0.000000e+00 1.000000e+00
    outer loop
      vertex   1.991949e+01 -1.792786e+00 6.000000e-01
      vertex   -1.996420e+01 -1.196083e+00 6.000000e-01
      vertex   -1.985694e+01 -2.387884e+00 6.000000e-01
    endloop
  endfacet
  facet normal 0.000000e+00 0.000000e+00 1.000000e+00
    outer loop
      vertex   1.991949e+01 -1.792786e+00 6.000000e-01
      vertex   -1.985694e+01 -2.387884e+00 6.000000e-01
      vertex   1.977662e+01 -2.980845e+00 6.000000e-01
    endloop
  endfacet
  facet normal 0.000000e+00 0.000000e+00 1.000000e+00
    outer loop
      vertex   1.977662e+01 -2.980845e+00 6.000000e-01
      vertex   -1.985694e+01 -2.387884e+00 6.000000e-01
      vertex   -1.967859e+01 -3.571138e+00 6.000000e-01
    endloop
  endfacet
  facet normal 0.000000e+00 0.000000e+00 1.000000e+00
    outer loop
      vertex   1.977662e+01 -2.980845e+00 6.000000e-01
      vertex   -1.967859e+01 -3.571138e+00 6.000000e-01
      vertex   1.956295e+01 -4.158234e+00 6.000000e-01
    endloop
  endfacet
  facet normal 0.000000e+00 0.000000e+00 1.000000e+00
    outer loop
      vertex   1.956295e+01 -4.158234e+00 6.000000e-01
      vertex   -1.967859e+01 -3.571138e+00 6.000000e-01
      vertex   -1.942980e+01 -4.741608e+00 6.000000e-01
    endloop
  endfacet
  facet normal 0.000000e+00 0.000000e+00 1.000000e+00
    outer loop
      vertex   1.956295e+01 -4.158234e+00 6.000000e-01
      vertex   -1.942980e+01 -4.741608e+00 6.000000e-01
      vertex   1.927926e+01 -5.320737e+00 6.000000e-01
    endloop
  endfacet
  facet normal 0.000000e+00 0.000000e+00 1.000000e+00
    outer loop
      vertex   1.927926e+01 -5.320737e+00 6.000000e-01
      vertex   -1.942980e+01 -4.741608e+00 6.000000e-01
      vertex   -1.911146e+01 -5.895103e+00 6.000000e-01
    endloop
  endfacet
  facet normal 0.000000e+00 0.000000e+00 1.000000e+00
    outer loop
      vertex   1.927926e+01 -5.320737e+00 6.000000e-01
      vertex   -1.911146e+01 -5.895103e+00 6.000000e-01
      vertex   1.892655e+01 -6.464193e+00 6.000000e-01
    endloop
  endfacet
  facet normal 0.000000e+00 0.000000e+00 1.000000e+00
    outer loop
      vertex   1.892655e+01 -6.464193e+00 6.000000e-01
      vertex   -1.911146e+01 -5.895103e+00 6.000000e-01
      vertex   -1.872470e+01 -7.027496e+00 6.000000e-01
    endloop
  endfacet
  facet normal 0.000000e+00 0.000000e+00 1.000000e+00
    outer loop
      vertex   1.892655e+01 -6.464193e+00 6.000000e-01
      vertex   -1.872470e+01 -7.027496e+00 6.000000e-01
      vertex   1.850609e+01 -7.584509e+00 6.000000e-01
    endloop
  endfacet
  facet normal 0.000000e+00 0.000000e+00 1.000000e+00
    outer loop
      vertex   1.850609e+01 -7.584509e+00 6.000000e-01
      vertex   -1.872470e+01 -7.027496e+00 6.000000e-01
      vertex   -1.827091e+01 -8.134733e+00 6.000000e-01
    endloop
  endfacet
  facet normal 0.000000e+00 0.000000e+00 1.000000e+00
    outer loop
      vertex   1.850609e+01 -7.584509e+00 6.000000e-01
      vertex   -1.827091e+01 -8.134733e+00 6.000000e-01
      vertex   1.801938e+01 -8.677675e+00 6.000000e-01
    endloop
  endfacet
  facet normal 0.000000e+00 0.000000e+00 1.000000e+00
    outer loop
      vertex   1.801938e+01 -8.677675e+00 6.000000e-01
      vertex   -1.827091e+01 -8.134733e+00 6.000000e-01
      vertex   -1.775172e+01 -9.212849e+00 6.000000e-01
    endloop
  endfacet
  facet normal 0.000000e+00 0.000000e+00 1.000000e+00
    outer loop
      vertex   1.801938e+01 -8.677675e+00 6.000000e-01
      vertex   -1.775172e+01 -9.212849e+00 6.000000e-01
      vertex   1.746816e+01 -9.739776e+00 6.000000e-01
    endloop
  endfacet
  facet normal 0.000000e+00 0.000000e+00 1.000000e+00
    outer loop
      vertex   1.746816e+01 -9.739776e+00 6.000000e-01
      vertex   -1.775172e+01 -9.212849e+00 6.000000e-01
      vertex   -1.716898e+01 -1.025799e+01 6.000000e-01
    endloop
  endfacet
  facet normal 0.000000e+00 0.000000e+00 1.000000e+00
    outer loop
      vertex   1.746816e+01 -9.739776e+00 6.000000e-01
      vertex   -1.716898e+01 -1.025799e+01 6.000000e-01
      vertex   1.685442e+01 -1.076701e+01 6.000000e-01
    endloop
  endfacet
  facet normal 0.000000e+00 0.000000e+00 1.000000e+00
    outer loop
      vertex   1.685442e+01 -1.076701e+01 6.000000e-01
      vertex   -1.716898e+01 -1.025799e+01 6.000000e-01
      vertex   -1.652478e+01 -1.126640e+01 6.000000e-01
    endloop
  endfacet
  facet normal 0.000000e+00 0.000000e+00 1.000000e+00
    outer loop
      vertex   1.685442e+01 -1.076701e+01 6.000000e-01
      vertex   -1.652478e+01 -1.126640e+01 6.000000e-01
      vertex   1.618034e+01 -1.175571e+01 6.000000e-01
    endloop
  endfacet
  facet normal 0.000000e+00 0.000000e+00 1.000000e+00
    outer loop
      vertex   1.618034e+01 -1.175571e+01 6.000000e-01
      vertex   -1.652478e+01 -1.126640e+01 6.000000e-01
      vertex   -1.582142e+01 -1.223449e+01 6.000000e-01
    endloop
  endfacet
  facet normal 0.000000e+00 0.000000e+00 1.000000e+00
    outer loop
      vertex   1.618034e+01 -1.175571e+01 6.000000e-01
      vertex   -1.582142e+01 -1.223449e+01 6.000000e-01
      vertex   1.544834e+01 -1.270232e+01 6.000000e-01
    endloop
  endfacet
  facet normal 0.000000e+00 0.000000e+00 1.000000e+00
    outer loop
      vertex   1.544834e+01 -1.270232e+01 6.000000e-01
      vertex   -1.582142e+01 -1.223449e+01 6.000000e-01
      vertex   -1.506143e+01 -1.315877e+01 6.000000e-01
    endloop
  endfacet
  facet normal 0.000000e+00 0.000000e+00 1.000000e+00
    outer loop
      vertex   1.544834e+01 -1.270232e+01 6.000000e-01
      vertex   -1.506143e+01 -1.315877e+01 6.000000e-01
      vertex   1.466104e+01 -1.360345e+01 6.000000e-01
    endloop
  endfacet
  facet normal 0.000000e+00 0.000000e+00 1.000000e+00
    outer loop
      vertex   1.466104e+01 -1.360345e+01 6.000000e-01
      vertex   -1.506143e+01 -1.315877e+01 6.000000e-01
      vertex   -1.424752e+01 -1.403596e+01 6.000000e-01
    endloop
  endfacet
  facet normal 0.000000e+00 0.000000e+00 1.000000e+00
    outer loop
      vertex   1.466104e+01 -1.360345e+01 6.000000e-01
      vertex   -1.424752e+01 -1.403596e+01 6.000000e-01
      vertex   1.382125e+01 -1.445590e+01 6.000000e-01
    endloop
  endfacet
  facet normal 0.000000e+00 0.000000e+00 1.000000e+00
    outer loop
      vertex   1.382125e+01 -1.445590e+01 6.000000e-01
      vertex   -1.424752e+01 -1.403596e+01 6.000000e-01
      vertex   -1.338261e+01 -1.486290e+01 6.000000e-01
    endloop
  endfacet
  facet normal 0.000000e+00 0.000000e+00 1.000000e+00
    outer loop
      vertex   1.382125e+01 -1.445590e+01 6.000000e-01
      vertex   -1.338261e+01 -1.486290e+01 6.000000e-01
      vertex   1.293199e+01 -1.525659e+01 6.000000e-01
    endloop
  endfacet
  facet normal 0.000000e+00 0.000000e+00 1.000000e+00
    outer loop
      vertex   1.293199e+01 -1.525659e+01 6.000000e-01
      vertex   -1.338261e+01 -1.486290e+01 6.000000e-01
      vertex   -1.246980e+01 -1.563663e+01 6.000000e-01
    endloop
  endfacet
  facet normal 0.000000e+00 0.000000e+00 1.000000e+00
    outer loop
      vertex   1.293199e+01 -1.525659e+01 6.000000e-01
      vertex   -1.246980e+01 -1.563663e+01 6.000000e-01
      vertex   1.199644e+01 -1.600267e+01 6.000000e-01
    endloop
  endfacet
  facet normal 0.000000e+00 0.000000e+00 1.000000e+00
    outer loop
      vertex   1.199644e+01 -1.600267e+01 6.000000e-01
      vertex   -1.246980e+01 -1.563663e+01 6.000000e-01
      vertex   -1.151234e+01 -1.635439e+01 6.000000e-01
    endloop
  endfacet
  facet normal 0.000000e+00 0.000000e+00 1.000000e+00
    outer loop
      vertex   1.199644e+01 -1.600267e+01 6.000000e-01
      vertex   -1.151234e+01 -1.635439e+01 6.000000e-01
      vertex   1.101794e+01 -1.669147e+01 6.000000e-01
    endloop
  endfacet
  facet normal 0.000000e+00 0.000000e+00 1.000000e+00
    outer loop
      vertex   1.101794e+01 -1.669147e+01 6.000000e-01
      vertex   -1.151234e+01 -1.635439e+01 6.000000e-01
      vertex   -1.051368e+01 -1.701360e+01 6.000000e-01
    endloop
  endfacet
  facet normal 0.000000e+00 0.000000e+00 1.000000e+00
    outer loop
      vertex   1.101794e+01 -1.669147e+01 6.000000e-01
      vertex   -1.051368e+01 -1.701360e+01 6.000000e-01
      vertex   1.000000e+01 -1.732051e+01 6.000000e-01
    endloop
  endfacet
  facet normal 0.000000e+00 0.000000e+00 1.000000e+00
    outer loop
      vertex   1.000000e+01 -1.732051e+01 6.000000e-01
      vertex   -1.051368e+01 -1.701360e+01 6.000000e-01
      vertex   -9.477373e+00 -1.761191e+01 6.000000e-01
    endloop
  endfacet
  facet normal 0.000000e+00 0.000000e+00 1.000000e+00
    outer loop
      vertex   1.000000e+01 -1.732051e+01 6.000000e-01
      vertex   -9.477373e+00 -1.761191e+01 6.000000e-01
      vertex   8.946263e+00 -1.788755e+01 6.000000e-01
    endloop
  endfacet
  facet normal 0.000000e+00 0.000000e+00 1.000000e+00
    outer loop
      vertex   8.946263e+00 -1.788755e+01 6.000000e-01
      vertex   -9.477373e+00 -1.761191e+01 6.000000e-01
      vertex   -8.407145e+00 -1.814717e+01 6.000000e-01
    endloop
  endfacet
  facet normal 0.000000e+00 0.000000e+00 1.000000e+00
    outer loop
      vertex   8.946263e+00 -1.788755e+01 6.000000e-01
      vertex   -8.407145e+00 -1.814717e+01 6.000000e-01
      vertex   7.860501e+00 -1.839056e+01 6.000000e-01
    endloop
  endfacet
  facet normal 0.000000e+00 0.000000e+00 1.000000e+00
    outer loop
      vertex   7.860501e+00 -1.839056e+01 6.000000e-01
      vertex   -8.407145e+00 -1.814717e+01 6.000000e-01
      vertex   -7.306820e+00 -1.861747e+01 6.000000e-01
    endloop
  endfacet
  facet normal 0.000000e+00 0.000000e+00 1.000000e+00
    outer loop
      vertex   7.860501e+00 -1.839056e+01 6.000000e-01
      vertex   -7.306820e+00 -1.861747e+01 6.000000e-01
      vertex   6.746600e+00 -1.882773e+01 6.000000e-01
    endloop
  endfacet
  facet normal 0.000000e+00 0.000000e+00 1.000000e+00
    outer loop
      vertex   6.746600e+00 -1.882773e+01 6.000000e-01
      vertex   -7.306820e+00 -1.861747e+01 6.000000e-01
      vertex   -6.180340e+00 -1.902113e+01 6.000000e-01
    endloop
  endfacet
  facet normal 0.000000e+00 0.000000e+00 1.000000e+00
    outer loop
      vertex   6.746600e+00 -1.882773e+01 6.000000e-01
      vertex   -6.180340e+00 -1.902113e+01 6.000000e-01
      vertex   5.608548e+00 -1.919750e+01 6.000000e-01
    endloop
  endfacet
  facet normal 0.000000e+00 0.000000e+00 1.000000e+00
    outer loop
      vertex   5.608548e+00 -1.919750e+01 6.000000e-01
      vertex   -6.180340e+00 -1.902113e+01 6.000000e-01
      vertex   -5.031735e+00 -1.935669e+01 6.000000e-01
    endloop
  endfacet
  facet normal 0.000000e+00 0.000000e+00 1.000000e+00
    outer loop
      vertex   5.608548e+00 -1.919750e+01 6.000000e-01
      vertex   -5.031735e+00 -1.935669e+01 6.000000e-01
      vertex   4.450419e+00 -1.949856e+01 6.000000e-01
    endloop
  endfacet
  facet normal 0.000000e+00 0.000000e+00 1.000000e+00
    outer loop
      vertex   4.450419e+00 -1.949856e+01 6.000000e-01
      vertex   -5.031735e+00 -1.935669e+01 6.000000e-01
      vertex   -3.865118e+00 -1.962297e+01 6.000000e-01
    endloop
  endfacet
  facet normal 0.000000e+00 0.000000e+00 1.000000e+00
    outer loop
      vertex   4.450419e+00 -1.949856e+01 6.000000e-01
      vertex   -3.865118e+00 -1.962297e+01 6.000000e-01
      vertex   3.276358e+00 -1.972981e+01 6.000000e-01
    endloop
  endfacet
  facet normal 0.000000e+00 0.000000e+00 1.000000e+00
    outer loop
      vertex   3.276358e+00 -1.972981e+01 6.000000e-01
      vertex   -3.865118e+00 -1.962297e+01 6.000000e-01
      vertex   -2.684665e+00 -1.981900e+01 6.000000e-01
    endloop
  endfacet
  facet normal 0.000000e+00 0.000000e+00 1.000000e+00
    outer loop
      vertex   3.276358e+00 -1.972981e+01 6.000000e-01
      vertex   -2.684665e+00 -1.981900e+01 6.000000e-01
      vertex   2.090569e+00 -1.989044e+01 6.000000e-01
    endloop
  endfacet
  facet normal 0.000000e+00 0.000000e+00 1.000000e+00
    outer loop
      vertex   2.090569e+00 -1.989044e+01 6.000000e-01
      vertex   -2.684665e+00 -1.981900e+01 6.000000e-01
      vertex   -1.494602e+00 -1.994408e+01 6.000000e-01
    endloop
  endfacet
  facet normal 0.000000e+00 0.000000e+00 1.000000e+00
    outer loop
      vertex   2.090569e+00 -1.989044e+01 6.000000e-01
      vertex   -1.494602e+00 -1.994408e+01 6.000000e-01
      vertex   8.972966e-01 -1.997986e+01 6.000000e-01
    endloop
  endfacet
  facet normal 0.000000e+00 0.000000e+00 1.000000e+00
    outer loop
      vertex   8.972966e-01 -1.997986e+01 6.000000e-01
      vertex   -1.494602e+00 -1.994408e+01 6.000000e-01
      vertex   -2.991881e-01 -1.999776e+01 6.000000e-01
    endloop
  endfacet
  facet normal 0.000000e+00 -0.000000e+00 -1.000000e+00
    outer loop
      vertex   -1.996420e+01 1.196083e+00 0.000000e+00
      vertex   1.999105e+01 5.983093e-01 0.000000e+00
      vertex   -2.000000e+01 -2.449294e-15 0.000000e+00
    endloop
  endfacet
  facet normal 0.000000e+00 0.000000e+00 -1.000000e+00
    outer loop
      vertex   -2.000000e+01 -2.449294e-15 0.000000e+00
      vertex   1.999105e+01 5.983093e-01 0.000000e+00
      vertex   1.999105e+01 -5.983093e-01 0.000000e+00
    endloop
  endfacet
  facet normal 0.000000e+00 0.000000e+00 -1.000000e+00
    outer loop
      vertex   -2.000000e+01 -2.449294e-15 0.000000e+00
      vertex   1.999105e+01 -5.983093e-01 0.000000e+00
      vertex   -1.996420e+01 -1.196083e+00 0.000000e+00
    endloop
  endfacet
  facet normal 0.000000e+00 0.000000e+00 -1.000000e+00
    outer loop
      vertex   -1.996420e+01 -1.196083e+00 0.000000e+00
      vertex   1.999105e+01 -5.983093e-01 0.000000e+00
      vertex   1.991949e+01 -1.792786e+00 0.000000e+00
    endloop
  endfacet
  facet normal 0.000000e+00 0.000000e+00 -1.000000e+00
    outer loop
      vertex   -1.996420e+01 -1.196083e+00 0.000000e+00
      vertex   1.991949e+01 -1.792786e+00 0.000000e+00
      vertex   -1.985694e+01 -2.387884e+00 0.000000e+00
    endloop
  endfacet
  facet normal 0.000000e+00 0.000000e+00 -1.000000e+00
    outer loop
      vertex   -1.985694e+01 -2.387884e+00 0.000000e+00
      vertex   1.991949e+01 -1.792786e+00 0.000000e+00
      vertex   1.977662e+01 -2.980845e+00 0.000000e+00
    endloop
  endfacet
  facet normal 0.000000e+00 0.000000e+00 -1.000000e+00
    outer loop
      vertex   -1.985694e+01 -2.387884e+00 0.000000e+00
      vertex   1.977662e+01 -2.980845e+00 0.000000e+00
      vertex   -1.967859e+01 -3.571138e+00 0.000000e+00
    endloop
  endfacet
  facet normal 0.000000e+00 0.000000e+00 -1.000000e+00
    outer loop
      vertex   -1.967859e+01 -3.571138e+00 0.000000e+00
      vertex   1.977662e+01 -2.980845e+00 0.000000e+00
      vertex   1.956295e+01 -4.158234e+00 0.000000e+00
    endloop
  endfacet
  facet normal 0.000000e+00 0.000000e+00 -1.000000e+00
    outer loop
      vertex   -1.967859e+01 -3.571138e+00 0.000000e+00
      vertex   1.956295e+01 -4.158234e+00 0.000000e+00
      vertex   -1.942980e+01 -4.741608e+00 0.000000e+00
    endloop
  endfacet
  facet normal 0.000000e+00 0.000000e+00 -1.000000e+00
    outer loop
      vertex   -1.942980e+01 -4.741608e+00 0.000000e+00
      vertex   1.956295e+01 -4.158234e+00 0.000000e+00
      vertex   1.927926e+01 -5.320737e+00 0.000000e+00
    endloop
  endfacet
  facet normal 0.000000e+00 0.000000e+00 -1.000000e+00
    outer loop
      vertex   -1.942980e+01 -4.741608e+00 0.000000e+00
      vertex   1.927926e+01 -5.320737e+00 0.000000e+00
      vertex   -1.911146e+01 -5.895103e+00 0.000000e+00
    endloop
  endfacet
  facet normal 0.000000e+00 0.000000e+00 -1.000000e+00
    outer loop
      vertex   -1.911146e+01 -5.895103e+00 0.000000e+00
      vertex   1.927926e+01 -5.320737e+00 0.000000e+00
      vertex   1.892655e+01 -6.464193e+00 0.000000e+00
    endloop
  endfacet
  facet normal 0.000000e+00 0.000000e+00 -1.000000e+00
    outer loop
      vertex   -1.911146e+01 -5.895103e+00 0.000000e+00
      vertex   1.892655e+01 -6.464193e+00 0.000000e+00
      vertex   -1.872470e+01 -7.027496e+00 0.000000e+00
    endloop
  endfacet
  facet normal 0.000000e+00 0.000000e+00 -1.000000e+00
    outer loop
      vertex   -1.872470e+01 -7.027496e+00 0.000000e+00
      vertex   1.892655e+01 -6.464193e+00 0.000000e+00
      vertex   1.850609e+01 -7.584509e+00 0.000000e+00
    endloop
  endfacet
  facet normal 0.000000e+00 0.000000e+00 -1.000000e+00
    outer loop
      vertex   -1.872470e+01 -7.027496e+00 0.000000e+00
      vertex   1.850609e+01 -7.584509e+00 0.000000e+00
      vertex   -1.827091e+01 -8.134733e+00 0.000000e+00
    endloop
  endfacet
  facet normal 0.000000e+00 0.000000e+00 -1.000000e+00
    outer loop
      vertex   -1.827091e+01 -8.134733e+00 0.000000e+00
      vertex   1.850609e+01 -7.584509e+00 0.000000e+00
      vertex   1.801938e+01 -8.677675e+00 0.000000e+00
    endloop
  endfacet
  facet normal 0.000000e+00 0.000000e+00 -1.000000e+00
    outer loop
      vertex   -1.827091e+01 -8.134733e+00 0.000000e+00
      vertex   1.801938e+01 -8.677675e+00 0.000000e+00
      vertex   -1.775172e+01 -9.212849e+00 0.000000e+00
    endloop
  endfacet
  facet normal 0.000000e+00 0.000000e+00 -1.000000e+00
    outer loop
      vertex   -1.775172e+01 -9.212849e+00 0.000000e+00
      vertex   1.801938e+01 -8.677675e+00 0.000000e+00
      vertex   1.746816e+01 -9.739776e+00 0.000000e+00
    endloop
  endfacet
  facet normal 0.000000e+00 0.000000e+00 -1.000000e+00
    outer loop
      vertex   -1.775172e+01 -9.212849e+00 0.000000e+00
      vertex   1.746816e+01 -9.739776e+00 0.000000e+00
      vertex   -1.716898e+01 -1.025799e+01 0.000000e+00
    endloop
  endfacet
  facet normal 0.000000e+00 0.000000e+00 -1.000000e+00
    outer loop
      vertex   -1.716898e+01 -1.025799e+01 0.000000e+00
      vertex   1.746816e+01 -9.739776e+00 0.000000e+00
      vertex   1.685442e+01 -1.076701e+01 0.000000e+00
    endloop
  endfacet
  facet normal 0.000000e+00 0.000000e+00 -1.000000e+00
    outer loop
      vertex   -1.716898e+01 -1.025799e+01 0.000000e+00
      vertex   1.685442e+01 -1.076701e+01 0.000000e+00
      vertex   -1.652478e+01 -1.126640e+01 0.000000e+00
    endloop
  endfacet
  facet normal 0.000000e+00 0.000000e+00 -1.000000e+00
    outer loop
      vertex   -1.652478e+01 -1.126640e+01 0.000000e+00
      vertex   1.685442e+01 -1.076701e+01 0.000000e+00
      vertex   1.618034e+01 -1.175571e+01 0.000000e+00
    endloop
  endfacet
  facet normal 0.000000e+00 0.000000e+00 -1.000000e+00
    outer loop
      vertex   -1.652478e+01 -1.126640e+01 0.000000e+00
      vertex   1.618034e+01 -1.175571e+01 0.000000e+00
      vertex   -1.582142e+01 -1.223449e+01 0.000000e+00
    endloop
  endfacet
  facet normal 0.000000e+00 0.000000e+00 -1.000000e+00
    outer loop
      vertex   -1.582142e+01 -1.223449e+01 0.000000e+00
      vertex   1.618034e+01 -1.175571e+01 0.000000e+00
      vertex   1.544834e+01 -1.270232e+01 0.000000e+00
    endloop
  endfacet
  facet normal 0.000000e+00 0.000000e+00 -1.000000e+00
    outer loop
      vertex   -1.582142e+01 -1.223449e+01 0.000000e+00
      vertex   1.544834e+01 -1.270232e+01 0.000000e+00
      vertex   -1.506143e+01 -1.315877e+01 0.000000e+00
    endloop
  endfacet
  facet normal 0.000000e+00 0.000000e+00 -1.000000e+00
    outer loop
      vertex   -1.506143e+01 -1.315877e+01 0.000000e+00
      vertex   1.544834e+01 -1.270232e+01 0.000000e+00
      vertex   1.466104e+01 -1.360345e+01 0.000000e+00
    endloop
  endfacet
  facet normal 0.000000e+00 0.000000e+00 -1.000000e+00
    outer loop
      vertex   -1.506143e+01 -1.315877e+01 0.000000e+00
      vertex   1.466104e+01 -1.360345e+01 0.000000e+00
      vertex   -1.424752e+01 -1.403596e+01 0.000000e+00
    endloop
  endfacet
  facet normal 0.000000e+00 0.000000e+00 -1.000000e+00
    outer loop
      vertex   -1.424752e+01 -1.403596e+01 0.000000e+00
      vertex   1.466104e+01 -1.360345e+01 0.000000e+00
      vertex   1.382125e+01 -1.445590e+01 0.000000e+00
    endloop
  endfacet
  facet normal 0.000000e+00 0.000000e+00 -1.000000e+00
    outer loop
      vertex   -1.424752e+01 -1.403596e+01 0.000000e+00
      vertex   1.382125e+01 -1.445590e+01 0.000000e+00
      vertex   -1.338261e+01 -1.486290e+01 0.000000e+00
    endloop
  endfacet
  facet normal 0.000000e+00 0.000000e+00 -1.000000e+00
    outer loop
      vertex   -1.338261e+01 -1.486290e+01 0.000000e+00
      vertex   1.382125e+01 -1.445590e+01 0.000000e+00
      vertex   1.293199e+01 -1.525659e+01 0.000000e+00
    endloop
  endfacet
  facet normal 0.000000e+00 0.000000e+00 -1.000000e+00
    outer loop
      vertex   -1.338261e+01 -1.486290e+01 0.000000e+00
      vertex   1.293199e+01 -1.525659e+01 0.000000e+00
      vertex   -1.246980e+01 -1.563663e+01 0.000000e+00
    endloop
  endfacet
  facet normal 0.000000e+00 0.000000e+00 -1.000000e+00
    outer loop
      vertex   -1.246980e+01 -1.563663e+01 0.000000e+00
      vertex   1.293199e+01 -1.525659e+01 0.000000e+00
      vertex   1.199644e+01 -1.600267e+01 0.000000e+00
    endloop
  endfacet
  facet normal 0.000000e+00 0.000000e+00 -1.000000e+00
    outer loop
      vertex   -1.246980e+01 -1.563663e+01 0.000000e+00
      vertex   1.199644e+01 -1.600267e+01 0.000000e+00
      vertex   -1.151234e+01 -1.635439e+01 0.000000e+00
    endloop
  endfacet
  facet normal 0.000000e+00 0.000000e+00 -1.000000e+00
    outer loop
      vertex   -1.151234e+01 -1.635439e+01 0.000000e+00
      vertex   1.199644e+01 -1.600267e+01 0.000000e+00
      vertex   1.101794e+01 -1.669147e+01 0.000000e+00
    endloop
  endfacet
  facet normal 0.000000e+00 0.000000e+00 -1.000000e+00
    outer loop
      vertex   -1.151234e+01 -1.635439e+01 0.000000e+00
      vertex   1.101794e+01 -1.669147e+01 0.000000e+00
      vertex   -1.051368e+01 -1.701360e+01 0.000000e+00
    endloop
  endfacet
  facet normal 0.000000e+00 0.000000e+00 -1.000000e+00
    outer loop
      vertex   -1.051368e+01 -1.701360e+01 0.000000e+00
      vertex   1.101794e+01 -1.669147e+01 0.000000e+00
      vertex   1.000000e+01 -1.732051e+01 0.000000e+00
    endloop
  endfacet
  facet normal 0.000000e+00 0.000000e+00 -1.000000e+00
    outer loop
      vertex   -1.051368e+01 -1.701360e+01 0.000000e+00
      vertex   1.000000e+01 -1.732051e+01 0.000000e+00
      vertex   -9.477373e+00 -1.761191e+01 0.000000e+00
    endloop
  endfacet
  facet normal 0.000000e+00 0.000000e+00 -1.000000e+00
    outer loop
      vertex   -9.477373e+00 -1.761191e+01 0.000000e+00
      vertex   1.000000e+01 -1.732051e+01 0.000000e+00
      vertex   8.946263e+00 -1.788755e+01 0.000000e+00
    endloop
  endfacet
  facet normal 0.000000e+00 0.000000e+00 -1.000000e+00
    outer loop
      vertex   -9.477373e+00 -1.761191e+01 0.000000e+00
      vertex   8.946263e+00 -1.788755e+01 0.000000e+00
      vertex   -8.407145e+00 -1.814717e+01 0.000000e+00
    endloop
  endfacet
  facet normal 0.000000e+00 0.000000e+00 -1.000000e+00
    outer loop
      vertex   -8.407145e+00 -1.814717e+01 0.000000e+00
      vertex   8.946263e+00 -1.788755e+01 0.000000e+00
      vertex   7.860501e+00 -1.839056e+01 0.000000e+00
    endloop
  endfacet
  facet normal 0.000000e+00 0.000000e+00 -1.000000e+00
    outer loop
      vertex   -8.407145e+00 -1.814717e+01 0.000000e+00
      vertex   7.860501e+00 -1.839056e+01 0.000000e+00
      vertex   -7.306820e+00 -1.861747e+01 0.000000e+00
    endloop
  endfacet
  facet normal 0.000000e+00 0.000000e+00 -1.000000e+00
    outer loop
      vertex   -7.306820e+00 -1.861747e+01 0.000000e+00
      vertex   7.860501e+00 -1.839056e+01 0.000000e+00
      vertex   6.746600e+00 -1.882773e+01 0.000000e+00
    endloop
  endfacet
  facet normal 0.000000e+00 0.000000e+00 -1.000000e+00
    outer loop
      vertex   -7.306820e+00 -1.861747e+01 0.000000e+00
      vertex   6.746600e+00 -1.882773e+01 0.000000e+00
      vertex   -6.180340e+00 -1.902113e+01 0.000000e+00
    endloop
  endfacet
  facet normal 0.000000e+00 0.000000e+00 -1.000000e+00
    outer loop
      vertex   -6.180340e+00 -1.902113e+01 0.000000e+00
      vertex   6.746600e+00 -1.882773e+01 0.000000e+00
      vertex   5.608548e+00 -1.919750e+01 0.000000e+00
    endloop
  endfacet
  facet normal 0.000000e+00 0.000000e+00 -1.000000e+00
    outer loop
      vertex   -6.180340e+00 -1.902113e+01 0.000000e+00
      vertex   5.608548e+00 -1.919750e+01 0.000000e+00
      vertex   -5.031735e+00 -1.935669e+01 0.000000e+00
    endloop
  endfacet
  facet normal 0.000000e+00 0.000000e+00 -1.000000e+00
    outer loop
      vertex   -5.031735e+00 -1.935669e+01 0.000000e+00
      vertex   5.608548e+00 -1.919750e+01 0.000000e+00
      vertex   4.450419e+00 -1.949856e+01 0.000000e+00
    endloop
  endfacet
  facet normal 0.000000e+00 0.000000e+00 -1.000000e+00
    outer loop
      vertex   -5.031735e+00 -1.935669e+01 0.000000e+00
      vertex   4.450419e+00 -1.949856e+01 0.000000e+00
      vertex   -3.865118e+00 -1.962297e+01 0.000000e+00
    endloop
  endfacet
  facet normal 0.000000e+00 0.000000e+00 -1.000000e+00
    outer loop
      vertex   -3.865118e+00 -1.962297e+01 0.000000e+00
      vertex   4.450419e+00 -1.949856e+01 0.000000e+00
      vertex   3.276358e+00 -1.972981e+01 0.000000e+00
    endloop
  endfacet
  facet normal 0.000000e+00 0.000000e+00 -1.000000e+00
    outer loop
      vertex   -3.865118e+00 -1.962297e+01 0.000000e+00
      vertex   3.276358e+00 -1.972981e+01 0.000000e+00
      vertex   -2.684665e+00 -1.981900e+01 0.000000e+00
    endloop
  endfacet
  facet normal 0.000000e+00 0.000000e+00 -1.000000e+00
    outer loop
      vertex   -2.684665e+00 -1.981900e+01 0.000000e+00
      vertex   3.276358e+00 -1.972981e+01 0.000000e+00
      vertex   2.090569e+00 -1.989044e+01 0.000000e+00
    endloop
  endfacet
  facet normal 0.000000e+00 0.000000e+00 -1.000000e+00
    outer loop
      vertex   -2.684665e+00 -1.981900e+01 0.000000e+00
      vertex   2.090569e+00 -1.989044e+01 0.000000e+00
      vertex   -1.494602e+00 -1.994408e+01 0.000000e+00
    endloop
  endfacet
  facet normal 0.000000e+00 0.000000e+00 -1.000000e+00
    outer loop
      vertex   -1.494602e+00 -1.994408e+01 0.000000e+00
      vertex   2.090569e+00 -1.989044e+01 0.000000e+00
      vertex   8.972966e-01 -1.997986e+01 0.000000e+00
    endloop
  endfacet
  facet normal 0.000000e+00 0.000000e+00 -1.000000e+00
    outer loop
      vertex   -1.494602e+00 -1.994408e+01 0.000000e+00
      vertex   8.972966e-01 -1.997986e+01 0.000000e+00
      vertex   -2.991881e-01 -1.999776e+01 0.000000e+00
    endloop
  endfacet
  facet normal 0.000000e+00 0.000000e+00 -1.000000e+00
    outer loop
      vertex   1.999105e+01 5.983093e-01 0.000000e+00
      vertex   -1.996420e+01 1.196083e+00 0.000000e+00
      vertex   1.991949e+01 1.792786e+00 0.000000e+00
    endloop
  endfacet
  facet normal -0.000000e+00 0.000000e+00 -1.000000e+00
    outer loop
      vertex   1.991949e+01 1.792786e+00 0.000000e+00
      vertex   -1.996420e+01 1.196083e+00 0.000000e+00
      vertex   -1.985694e+01 2.387884e+00 0.000000e+00
    endloop
  endfacet
  facet normal 0.000000e+00 0.000000e+00 -1.000000e+00
    outer loop
      vertex   1.991949e+01 1.792786e+00 0.000000e+00
      vertex   -1.985694e+01 2.387884e+00 0.000000e+00
      vertex   1.977662e+01 2.980845e+00 0.000000e+00
    endloop
  endfacet
  facet normal -0.000000e+00 0.000000e+00 -1.000000e+00
    outer loop
      vertex   1.977662e+01 2.980845e+00 0.000000e+00
      vertex   -1.985694e+01 2.387884e+00 0.000000e+00
      vertex   -1.967859e+01 3.571138e+00 0.000000e+00
    endloop
  endfacet
  facet normal 0.000000e+00 0.000000e+00 -1.000000e+00
    outer loop
      vertex   1.977662e+01 2.980845e+00 0.000000e+00
      vertex   -1.967859e+01 3.571138e+00 0.000000e+00
      vertex   1.956295e+01 4.158234e+00 0.000000e+00
    endloop
  endfacet
  facet normal -0.000000e+00 0.000000e+00 -1.000000e+00
    outer loop
      vertex   1.956295e+01 4.158234e+00 0.000000e+00
      vertex   -1.967859e+01 3.571138e+00 0.000000e+00
      vertex   -1.942980e+01 4.741608e+00 0.000000e+00
    endloop
  endfacet
  facet normal 0.000000e+00 0.000000e+00 -1.000000e+00
    outer loop
      vertex   1.956295e+01 4.158234e+00 0.000000e+00
      vertex   -1.942980e+01 4.741608e+00 0.000000e+00
      vertex   1.927926e+01 5.320737e+00 0.000000e+00
    endloop
  endfacet
  facet normal -0.000000e+00 0.000000e+00 -1.000000e+00
    outer loop
      vertex   1.927926e+01 5.320737e+00 0.000000e+00
      vertex   -1.942980e+01 4.741608e+00 0.000000e+00
      vertex   -1.911146e+01 5.895103e+00 0.000000e+00
    endloop
  endfacet
  facet normal 0.000000e+00 0.000000e+00 -1.000000e+00
    outer loop
      vertex   1.927926e+01 5.320737e+00 0.000000e+00
      vertex   -1.911146e+01 5.895103e+00 0.000000e+00
      vertex   -1.872470e+01 7.027496e+00 0.000000e+00
    endloop
  endfacet
  facet normal 0.000000e+00 0.000000e+00 -1.000000e+00
    outer loop
      vertex   -1.872470e+01 7.027496e+00 0.000000e+00
      vertex   -1.827091e+01 8.134733e+00 0.000000e+00
      vertex   1.927926e+01 5.320737e+00 0.000000e+00
    endloop
  endfacet
  facet normal 0.000000e+00 0.000000e+00 -1.000000e+00
    outer loop
      vertex   1.927926e+01 5.320737e+00 0.000000e+00
      vertex   -1.827091e+01 8.134733e+00 0.000000e+00
      vertex   -1.775172e+01 9.212849e+00 0.000000e+00
    endloop
  endfacet
  facet normal 0.000000e+00 0.000000e+00 -1.000000e+00
    outer loop
      vertex   1.927926e+01 5.320737e+00 0.000000e+00
      vertex   -1.775172e+01 9.212849e+00 0.000000e+00
      vertex   -1.716898e+01 1.025799e+01 0.000000e+00
    endloop
  endfacet
  facet normal 0.000000e+00 0.000000e+00 -1.000000e+00
    outer loop
      vertex   1.927926e+01 5.320737e+00 0.000000e+00
      vertex   -1.716898e+01 1.025799e+01 0.000000e+00
      vertex   1.892655e+01 6.464193e+00 0.000000e+00
    endloop
  endfacet
  facet normal 0.000000e+00 0.000000e+00 -1.000000e+00
    outer loop
      vertex   1.892655e+01 6.464193e+00 0.000000e+00
      vertex   -1.716898e+01 1.025799e+01 0.000000e+00
      vertex   -1.652478e+01 1.126640e+01 0.000000e+00
    endloop
  endfacet
  facet normal 0.000000e+00 0.000000e+00 -1.000000e+00
    outer loop
      vertex   1.892655e+01 6.464193e+00 0.000000e+00
      vertex   -1.652478e+01 1.126640e+01 0.000000e+00
      vertex   -1.582142e+01 1.223449e+01 0.000000e+00
    endloop
  endfacet
  facet normal 0.000000e+00 0.000000e+00 -1.000000e+00
    outer loop
      vertex   -1.582142e+01 1.223449e+01 0.000000e+00
      vertex   -1.506143e+01 1.315877e+01 0.000000e+00
      vertex   1.892655e+01 6.464193e+00 0.000000e+00
    endloop
  endfacet
  facet normal 0.000000e+00 0.000000e+00 -1.000000e+00
    outer loop
      vertex   1.892655e+01 6.464193e+00 0.000000e+00
      vertex   -1.506143e+01 1.315877e+01 0.000000e+00
      vertex   -1.424752e+01 1.403596e+01 0.000000e+00
    endloop
  endfacet
  facet normal 0.000000e+00 0.000000e+00 -1.000000e+00
    outer loop
      vertex   1.892655e+01 6.464193e+00 0.000000e+00
      vertex   -1.424752e+01 1.403596e+01 0.000000e+00
      vertex   -1.338261e+01 1.486290e+01 0.000000e+00
    endloop
  endfacet
  facet normal 0.000000e+00 0.000000e+00 -1.000000e+00
    outer loop
      vertex   -1.338261e+01 1.486290e+01 0.000000e+00
      vertex   -1.246980e+01 1.563663e+01 0.000000e+00
      vertex   1.892655e+01 6.464193e+00 0.000000e+00
    endloop
  endfacet
  facet normal 0.000000e+00 0.000000e+00 -1.000000e+00
    outer loop
      vertex   1.892655e+01 6.464193e+00 0.000000e+00
      vertex   -1.246980e+01 1.563663e+01 0.000000e+00
      vertex   -1.151234e+01 1.635439e+01 0.000000e+00
    endloop
  endfacet
  facet normal 0.000000e+00 0.000000e+00 -1.000000e+00
    outer loop
      vertex   1.892655e+01 6.464193e+00 0.000000e+00
      vertex   -1.151234e+01 1.635439e+01 0.000000e+00
      vertex   -1.051368e+01 1.701360e+01 0.000000e+00
    endloop
  endfacet
  facet normal 0.000000e+00 0.000000e+00 -1.000000e+00
    outer loop
      vertex   -1.051368e+01 1.701360e+01 0.000000e+00
      vertex   -9.477373e+00 1.761191e+01 0.000000e+00
      vertex   1.892655e+01 6.464193e+00 0.000000e+00
    endloop
  endfacet
  facet normal 0.000000e+00 0.000000e+00 -1.000000e+00
    outer loop
      vertex   1.892655e+01 6.464193e+00 0.000000e+00
      vertex   -9.477373e+00 1.761191e+01 0.000000e+00
      vertex   -8.407145e+00 1.814717e+01 0.000000e+00
    endloop
  endfacet
  facet normal 0.000000e+00 0.000000e+00 -1.000000e+00
    outer loop
      vertex   1.892655e+01 6.464193e+00 0.000000e+00
      vertex   -8.407145e+00 1.814717e+01 0.000000e+00
      vertex   -7.306820e+00 1.861747e+01 0.000000e+00
    endloop
  endfacet
  facet normal 0.000000e+00 0.000000e+00 -1.000000e+00
    outer loop
      vertex   -7.306820e+00 1.861747e+01 0.000000e+00
      vertex   -6.180340e+00 1.902113e+01 0.000000e+00
      vertex   1.892655e+01 6.464193e+00 0.000000e+00
    endloop
  endfacet
  facet normal 0.000000e+00 0.000000e+00 -1.000000e+00
    outer loop
      vertex   1.892655e+01 6.464193e+00 0.000000e+00
      vertex   -6.180340e+00 1.902113e+01 0.000000e+00
      vertex   -5.031735e+00 1.935669e+01 0.000000e+00
    endloop
  endfacet
  facet normal 0.000000e+00 0.000000e+00 -1.000000e+00
    outer loop
      vertex   1.892655e+01 6.464193e+00 0.000000e+00
      vertex   -5.031735e+00 1.935669e+01 0.000000e+00
      vertex   -3.865118e+00 1.962297e+01 0.000000e+00
    endloop
  endfacet
  facet normal 0.000000e+00 0.000000e+00 -1.000000e+00
    outer loop
      vertex   -3.865118e+00 1.962297e+01 0.000000e+00
      vertex   -2.684665e+00 1.981900e+01 0.000000e+00
      vertex   1.892655e+01 6.464193e+00 0.000000e+00
    endloop
  endfacet
  facet normal 0.000000e+00 0.000000e+00 -1.000000e+00
    outer loop
      vertex   1.892655e+01 6.464193e+00 0.000000e+00
      vertex   -2.684665e+00 1.981900e+01 0.000000e+00
      vertex   -1.494602e+00 1.994408e+01 0.000000e+00
    endloop
  endfacet
  facet normal 0.000000e+00 0.000000e+00 -1.000000e+00
    outer loop
      vertex   1.892655e+01 6.464193e+00 0.000000e+00
      vertex   -1.494602e+00 1.994408e+01 0.000000e+00
      vertex   -2.991881e-01 1.999776e+01 0.000000e+00
    endloop
  endfacet
  facet normal 0.000000e+00 0.000000e+00 -1.000000e+00
    outer loop
      vertex   -2.991881e-01 1.999776e+01 0.000000e+00
      vertex   8.972966e-01 1.997986e+01 0.000000e+00
      vertex   1.892655e+01 6.464193e+00 0.000000e+00
    endloop
  endfacet
  facet normal 0.000000e+00 0.000000e+00 -1.000000e+00
    outer loop
      vertex   1.892655e+01 6.464193e+00 0.000000e+00
      vertex   8.972966e-01 1.997986e+01 0.000000e+00
      vertex   2.090569e+00 1.989044e+01 0.000000e+00
    endloop
  endfacet
  facet normal 0.000000e+00 0.000000e+00 -1.000000e+00
    outer loop
      vertex   1.892655e+01 6.464193e+00 0.000000e+00
      vertex   2.090569e+00 1.989044e+01 0.000000e+00
      vertex   3.276358e+00 1.972981e+01 0.000000e+00
    endloop
  endfacet
  facet normal 0.000000e+00 0.000000e+00 -1.000000e+00
    outer loop
      vertex   3.276358e+00 1.972981e+01 0.000000e+00
      vertex   4.450419e+00 1.949856e+01 0.000000e+00
      vertex   1.892655e+01 6.464193e+00 0.000000e+00
    endloop
  endfacet
  facet normal 0.000000e+00 0.000000e+00 -1.000000e+00
    outer loop
      vertex   1.892655e+01 6.464193e+00 0.000000e+00
      vertex   4.450419e+00 1.949856e+01 0.000000e+00
      vertex   5.608548e+00 1.919750e+01 0.000000e+00
    endloop
  endfacet
  facet normal 0.000000e+00 0.000000e+00 -1.000000e+00
    outer loop
      vertex   1.892655e+01 6.464193e+00 0.000000e+00
      vertex   5.608548e+00 1.919750e+01 0.000000e+00
      vertex   6.746600e+00 1.882773e+01 0.000000e+00
    endloop
  endfacet
  facet normal 0.000000e+00 0.000000e+00 -1.000000e+00
    outer loop
      vertex   6.746600e+00 1.882773e+01 0.000000e+00
      vertex   7.860501e+00 1.839056e+01 0.000000e+00
      vertex   1.892655e+01 6.464193e+00 0.000000e+00
    endloop
  endfacet
  facet normal 0.000000e+00 0.000000e+00 -1.000000e+00
    outer loop
      vertex   1.892655e+01 6.464193e+00 0.000000e+00
      vertex   7.860501e+00 1.839056e+01 0.000000e+00
      vertex   8.946263e+00 1.788755e+01 0.000000e+00
    endloop
  endfacet
  facet normal 0.000000e+00 0.000000e+00 -1.000000e+00
    outer loop
      vertex   1.892655e+01 6.464193e+00 0.000000e+00
      vertex   8.946263e+00 1.788755e+01 0.000000e+00
      vertex   1.000000e+01 1.732051e+01 0.000000e+00
    endloop
  endfacet
  facet normal 0.000000e+00 0.000000e+00 -1.000000e+00
    outer loop
      vertex   1.000000e+01 1.732051e+01 0.000000e+00
      vertex   1.101794e+01 1.669147e+01 0.000000e+00
      vertex   1.892655e+01 6.464193e+00 0.000000e+00
    endloop
  endfacet
  facet normal 0.000000e+00 0.000000e+00 -1.000000e+00
    outer loop
      vertex   1.892655e+01 6.464193e+00 0.000000e+00
      vertex   1.101794e+01 1.669147e+01 0.000000e+00
      vertex   1.199644e+01 1.600267e+01 0.000000e+00
    endloop
  endfacet
  facet normal 0.000000e+00 0.000000e+00 -1.000000e+00
    outer loop
      vertex   1.892655e+01 6.464193e+00 0.000000e+00
      vertex   1.199644e+01 1.600267e+01 0.000000e+00
      vertex   1.293199e+01 1.525659e+01 0.000000e+00
    endloop
  endfacet
  facet normal 0.000000e+00 0.000000e+00 -1.000000e+00
    outer loop
      vertex   1.293199e+01 1.525659e+01 0.000000e+00
      vertex   1.382125e+01 1.445590e+01 0.000000e+00
      vertex   1.892655e+01 6.464193e+00 0.000000e+00
    endloop
  endfacet
  facet normal 0.000000e+00 0.000000e+00 -1.000000e+00
    outer loop
      vertex   1.892655e+01 6.464193e+00 0.000000e+00
      vertex   1.382125e+01 1.445590e+01 0.000000e+00
      vertex   1.466104e+01 1.360345e+01 0.000000e+00
    endloop
  endfacet
  facet normal 0.000000e+00 0.000000e+00 -1.000000e+00
    outer loop
      vertex   1.892655e+01 6.464193e+00 0.000000e+00
      vertex   1.466104e+01 1.360345e+01 0.000000e+00
      vertex   1.544834e+01 1.270232e+01 0.000000e+00
    endloop
  endfacet
  facet normal 0.000000e+00 0.000000e+00 -1.000000e+00
    outer loop
      vertex   1.544834e+01 1.270232e+01 0.000000e+00
      vertex   1.618034e+01 1.175571e+01 0.000000e+00
      vertex   1.892655e+01 6.464193e+00 0.000000e+00
    endloop
  endfacet
  facet normal 0.000000e+00 0.000000e+00 -1.000000e+00
    outer loop
      vertex   1.892655e+01 6.464193e+00 0.000000e+00
      vertex   1.618034e+01 1.175571e+01 0.000000e+00
      vertex   1.685442e+01 1.076701e+01 0.000000e+00
    endloop
  endfacet
  facet normal 0.000000e+00 0.000000e+00 -1.000000e+00
    outer loop
      vertex   1.892655e+01 6.464193e+00 0.000000e+00
      vertex   1.685442e+01 1.076701e+01 0.000000e+00
      vertex   1.746816e+01 9.739776e+00 0.000000e+00
    endloop
  endfacet
  facet normal 0.000000e+00 0.000000e+00 -1.000000e+00
    outer loop
      vertex   1.746816e+01 9.739776e+00 0.000000e+00
      vertex   1.801938e+01 8.677675e+00 0.000000e+00
      vertex   1.892655e+01 6.464193e+00 0.000000e+00
    endloop
  endfacet
  facet normal 0.000000e+00 0.000000e+00 -1.000000e+00
    outer loop
      vertex   1.892655e+01 6.464193e+00 0.000000e+00
      vertex   1.801938e+01 8.677675e+00 0.000000e+00
      vertex   1.850609e+01 7.584509e+00 0.000000e+00
    endloop
  endfacet
endsolid
